Geo Point,Geo Shape,eq_nom_equipement,eq_gestionnaire,x,y,numero,lib_off,id_secteur_postal,eq_ville,eq_bibliotheque,eq_musee,eq_cinema,eq_galerie_lieu_exposition,eq_conf_reception,eq_nta,eq_enseignement,eq_salle_de_spectacle,eq_centre_culturel,eq_ca_mjc_mq,eq_cafe_concert,eq_studio_dans_musique,eq_secteur,eq_quartier
"43.634331691790614,1.4364954645667827","{""coordinates"": [[1.436495464566783, 43.634331691790614]], ""type"": ""MultiPoint""}",ANNEXE DU CRR BARRIERE DE PARIS - ZAC LA VACHE,Mairie de Toulouse - DGA Culture,1573840,2271643,4,RUE MARGUERITE DURAS,31200,TOULOUSE,F,F,F,F,No,F,F,F,F,No,F,No,3,3.1
"43.57451027596898,1.4545078212318372","{""coordinates"": [[1.454507821231837, 43.57451027596898]], ""type"": ""MultiPoint""}",ANNEXE DU CRR RANGUEIL - JULES JULIEN,Mairie de Toulouse - DGA Culture,1575171,2264971,9,AV DES ECOLES JULES JULIEN,31400,TOULOUSE,F,F,F,F,No,F,F,F,F,No,F,No,5,5.2
"43.62384501195241,1.461400040640703","{""coordinates"": [[1.461400040640703, 43.62384501195241]], ""type"": ""MultiPoint""}",ARCHIVES MUNICIPALES TOULOUSE,Mairie de Toulouse - DGA Culture,1575828,2270441,2,RUE DES ARCHIVES,31500,TOULOUSE,F,F,F,F,No,F,F,F,F,No,F,No,4,4.1
"43.61818868557008,1.3995123107919034","{""coordinates"": [[1.399512310791903, 43.61818868557008]], ""type"": ""MultiPoint""}",BIBLIOTHEQUE ANCELY,Mairie de Toulouse - DGA Culture,1570822,2269906,2,ALL DU VELAY,31300,TOULOUSE,F,F,F,F,No,F,F,F,F,No,F,No,6,6.1
"43.5938466024526,1.4659338368926393","{""coordinates"": [[1.465933836892639, 43.5938466024526]], ""type"": ""MultiPoint""}",BIBLIOTHEQUE COTE PAVEE,Mairie de Toulouse - DGA Culture,1576133,2267102,125,AV JEAN RIEUX,31500,TOULOUSE,F,F,F,F,No,F,F,F,F,No,F,No,4,4.3
"43.63588213585073,1.4641951480765887","{""coordinates"": [[1.464195148076589, 43.63588213585073]], ""type"": ""MultiPoint""}",BIBLIOTHEQUE CROIX DAURADE,Mairie de Toulouse - DGA Culture,1576078,2271774,122,RTE D ALBI,31200,TOULOUSE,F,F,F,F,No,F,F,F,F,No,F,No,3,3.3
"43.60730817013732,1.4432706696541147","{""coordinates"": [[1.443270669654115, 43.60730817013732]], ""type"": ""MultiPoint""}",BIBLIOTHEQUE D'ETUDE ET DU PATRIMOINE -  PERIGORD,Mairie de Toulouse - DGA Culture,1574331,2268631,1,RUE DE PERIGORD,31000,TOULOUSE,F,F,F,F,No,F,F,F,F,No,F,No,1,1.1
"43.638239597039956,1.4439068285677228","{""coordinates"": [[1.443906828567723, 43.638239597039956]], ""type"": ""MultiPoint""}",BIBLIOTHEQUE LES IZARDS,Mairie de Toulouse - DGA Culture,1574446,2272066,,PL MICOULAUD,31200,TOULOUSE,F,F,F,F,No,F,F,F,F,No,F,No,3,3.3
"43.60236381366186,1.4673673834393073","{""coordinates"": [[1.467367383439307, 43.60236381366186]], ""type"": ""MultiPoint""}",BIBLIOTHEQUE PINEL,Mairie de Toulouse - DGA Culture,1576266,2268046,7,PL MARIUS PINEL,31500,TOULOUSE,F,F,F,F,No,F,F,F,F,No,F,No,4,4.2
"43.59849168931289,1.4537644430596899","{""coordinates"": [[1.45376444305969, 43.59849168931289]], ""type"": ""MultiPoint""}",BIBLIOTHEQUE POUR TOUS - VASE,Association,1575160,2267636,15,RUE DES VASES,31000,TOULOUSE,F,F,F,F,No,F,F,F,F,No,F,No,1,1.3
"43.5837161243945,1.4834517561900495","{""coordinates"": [[1.48345175619005, 43.5837161243945]], ""type"": ""MultiPoint""}",BIBLIOTHEQUE POUR TOUS -SHRADER,Association,1577527,2265951,15,IMP FRANZ SCHRADER,31500,TOULOUSE,F,F,F,F,No,F,F,F,F,No,F,No,5,5.1
"43.574870208885514,1.4639464323059583","{""coordinates"": [[1.463946432305958, 43.574870208885514]], ""type"": ""MultiPoint""}",BIBLIOTHEQUE RANGUEIL,Mairie de Toulouse - DGA Culture,1575934,2264997,19,RUE CLAUDE DE FORBIN,31400,TOULOUSE,F,F,F,F,No,F,F,F,F,No,F,No,5,5.2
"43.619352491601475,1.4667920223885853","{""coordinates"": [[1.466792022388585, 43.619352491601475]], ""type"": ""MultiPoint""}",BIBLIOTHEQUE ROSERAIE,Mairie de Toulouse - DGA Culture,1576254,2269934,170,RUE DE PERIOLE,31500,TOULOUSE,F,F,F,F,No,F,F,F,F,No,F,No,4,4.1
"43.616367637400685,1.4394958105860225","{""coordinates"": [[1.439495810586022, 43.616367637400685]], ""type"": ""MultiPoint""}",CAFE THEATRE LE 57,Structure commerciale,1574045,2269643,57,BD DES MINIMES,31200,TOULOUSE,F,F,F,F,No,F,F,F,F,No,F,No,3,3.1
"43.607184496549685,1.4421092656115413","{""coordinates"": [[1.442109265611541, 43.607184496549685]], ""type"": ""MultiPoint""}",CAVE POESIE,Association,1574237,2268619,71,RUE DU TAUR,31000,TOULOUSE,F,F,F,F,No,F,F,F,F,No,F,No,1,1.1
"43.62399026034344,1.4386564666671822","{""coordinates"": [[1.438656466667182, 43.62399026034344]], ""type"": ""MultiPoint""}",CENTRE CULTUREL - THEATRE DES MAZADES,Mairie de Toulouse - DGA Culture,1573993,2270491,10,AV DES MAZADES,31200,TOULOUSE,F,F,F,F,No,F,F,F,F,No,F,Yes,3,3.1
"43.6200175492092,1.4351273861094815","{""coordinates"": [[1.435127386109482, 43.6200175492092]], ""type"": ""MultiPoint""}",CENTRE CULTUREL DES MINIMES,Association,1573700,2270055,6,RUE DU CAILLOU GRIS,31200,TOULOUSE,F,F,F,F,No,F,F,F,F,No,F,Yes,3,3.1
"43.57945908152348,1.4118334444956246","{""coordinates"": [[1.411833444495625, 43.57945908152348]], ""type"": ""MultiPoint""}",CENTRE CULTUREL HENRI DESBALS,Mairie de Toulouse - DGA Culture,1571735,2265585,128,RUE HENRI DESBALS,31100,TOULOUSE,F,F,F,F,No,F,F,F,F,No,F,No,2,2.3
"43.610834310966425,1.4370602249869047","{""coordinates"": [[1.437060224986905, 43.610834310966425]], ""type"": ""MultiPoint""}",LE CACTUS,Structure commerciale,1573837,2269032,13,BD LASCROSSES,31000,TOULOUSE,F,F,F,F,No,F,F,F,F,No,F,No,1,1.1
"43.62833944150006,1.4347404500178733","{""coordinates"": [[1.434740450017873, 43.62833944150006]], ""type"": ""MultiPoint""}",ETPA - ECOLE DE PHOTOGRAPHIE,Structure commerciale,1573686,2270980,7,RUE EUGENE LABICHE,31200,TOULOUSE,F,F,F,F,No,F,F,F,F,No,F,No,3,3.1
"43.61168976085005,1.4410774138853242","{""coordinates"": [[1.441077413885324, 43.61168976085005]], ""type"": ""MultiPoint""}",LA COMEDIE DE TOULOUSE,Structure commerciale,1574163,2269121,16,RUE SAINT GERMIER,31000,TOULOUSE,F,F,F,F,No,F,F,F,F,No,F,No,1,1.3
"43.60544647433055,1.4554837113221963","{""coordinates"": [[1.455483711322196, 43.60544647433055]], ""type"": ""MultiPoint""}",LA DYNAMO,Structure commerciale,1575313,2268406,6,RUE AMELIE,31000,TOULOUSE,F,F,F,F,No,F,F,F,F,No,F,No,1,1.3
"43.57770544549503,1.4041272610723938","{""coordinates"": [[1.404127261072394, 43.57770544549503]], ""type"": ""MultiPoint""}",LA FABRIQUE,Association,1571109,2265402,5,ALL ANTONIO MACHADO,31100,TOULOUSE,F,F,F,F,No,F,F,F,F,No,F,No,6,6.3
"43.61195862330859,1.438319987637999","{""coordinates"": [[1.438319987637999, 43.61195862330859]], ""type"": ""MultiPoint""}",LE REX DE L'HUMOUR,Structure commerciale,1573941,2269155,15,AV HONORE SERRES,31000,TOULOUSE,F,F,F,F,No,F,F,F,F,No,F,No,1,1.2
"43.57404553661517,1.4737243036772227","{""coordinates"": [[1.473724303677223, 43.57404553661517]], ""type"": ""MultiPoint""}",LE VENT DU SUD,Association,1576722,2264891,170,AV DE LESPINET,31400,TOULOUSE,F,F,F,F,No,F,F,F,F,No,F,No,5,5.1
"43.600687353872445,1.428995529350622","{""coordinates"": [[1.428995529350622, 43.600687353872445]], ""type"": ""MultiPoint""}",LES ABATTOIRS - MUSEE D'ART MODERNE ET CONTEMPORAIN - FRAC MIDI-PYRENEES,Structure mixte,1573165,2267917,76,ALL CHARLES DE FITTE,31300,TOULOUSE,F,F,F,F,No,F,F,F,F,No,F,No,2,2.1
"43.60521888902204,1.4579919509936314","{""coordinates"": [[1.457991950993631, 43.60521888902204]], ""type"": ""MultiPoint""}",LES METS'TISSES,Structure commerciale,1575515,2268377,1,RUE DENIS PAPIN,31500,TOULOUSE,F,F,F,F,No,F,F,F,F,No,F,No,4,4.2
"43.616906270724506,1.4561477819358317","{""coordinates"": [[1.456147781935832, 43.616906270724506]], ""type"": ""MultiPoint""}",LIEU COMMUN / PLAN 9,Association,1575390,2269678,25,RUE D ARMAGNAC,31500,TOULOUSE,F,F,F,F,No,F,F,F,F,No,F,No,4,4.1
"43.604015589940786,1.4467861958058128","{""coordinates"": [[1.446786195805813, 43.604015589940786]], ""type"": ""MultiPoint""}",L'UTOPIA,Association,1574608,2268260,24,RUE MONTARDY,31000,TOULOUSE,F,F,F,F,No,F,F,F,F,No,F,No,1,1.1
"43.6265640687955,1.4682094872529627","{""coordinates"": [[1.468209487252963, 43.6265640687955]], ""type"": ""MultiPoint""}",MAISON DE QUARTIER AMOUROUX,Mairie de Toulouse - DGA Culture,1576383,2270733,70,CHE MICHOUN,31500,TOULOUSE,F,F,F,F,No,F,F,F,F,Yes,F,No,4,4.1
"43.57895295754114,1.3837735983225863","{""coordinates"": [[1.383773598322586, 43.57895295754114]], ""type"": ""MultiPoint""}",MAISON DE QUARTIER DES PRADETTES,Mairie de Toulouse - DGA Culture,1569468,2265572,,RUE FERDINAND DE LESSEPS,31100,TOULOUSE,F,F,F,F,No,F,F,F,F,Yes,F,No,6,6.2
"43.58714925311715,1.4165750110776403","{""coordinates"": [[1.41657501107764, 43.58714925311715]], ""type"": ""MultiPoint""}",MAISON DE QUARTIER FONTAINE-LESTANG,Association,1572134,2266432,59,RUE VESTREPAIN,31100,TOULOUSE,F,F,F,F,No,F,F,F,F,Yes,F,No,2,2.3
"43.574870208885514,1.4639464323059583","{""coordinates"": [[1.463946432305958, 43.574870208885514]], ""type"": ""MultiPoint""}",MAISON DE QUARTIER RANGUEIL,Mairie de Toulouse - DGA Culture,1575934,2264997,19,RUE CLAUDE DE FORBIN,31400,TOULOUSE,F,F,F,F,No,F,F,F,F,Yes,F,Yes,5,5.2
"43.57886503149866,1.4415934168621918","{""coordinates"": [[1.441593416862192, 43.57886503149866]], ""type"": ""MultiPoint""}",MEDIATHEQUE EMPALOT,Mairie de Toulouse - DGA Culture,1574137,2265474,40,AV JEAN MOULIN,31400,TOULOUSE,F,F,F,F,No,F,F,F,F,No,F,No,5,5.3
"43.61026207749336,1.4554361883544236","{""coordinates"": [[1.455436188354424, 43.61026207749336]], ""type"": ""MultiPoint""}",MEDIATHEQUE JOSE CABANIS,Mairie de Toulouse - DGA Culture,1575319,2268941,1,ALL JACQUES CHABAN DELMAS,31500,TOULOUSE,F,F,F,F,Yes,F,F,F,F,No,F,No,4,4.2
"43.57738502495987,1.4386592881470839","{""coordinates"": [[1.438659288147084, 43.57738502495987]], ""type"": ""MultiPoint""}",MJC EMPALOT,Association,1573897,2265314,30,ALL HENRI SELLIER,31400,TOULOUSE,F,F,F,F,No,F,F,F,F,Yes,F,Yes,5,5.3
"43.59855688796673,1.4305492094623684","{""coordinates"": [[1.430549209462368, 43.59855688796673]], ""type"": ""MultiPoint""}",MUSEE DE L'AFFICHE DE TOULOUSE - MATOU,Mairie de Toulouse - DGA Culture,1573286,2267678,58,ALL CHARLES DE FITTE,31300,TOULOUSE,F,F,F,F,No,F,F,F,F,No,F,No,2,2.1
"43.60158863126865,1.4423759528171454","{""coordinates"": [[1.442375952817145, 43.60158863126865]], ""type"": ""MultiPoint""}",MUSEE DES COMPAGNONS,Association,1574247,2267997,2,RUE TRIPIERE,31000,TOULOUSE,F,F,F,F,No,F,F,F,F,No,F,No,1,1.1
"43.59911474290495,1.4365055585019906","{""coordinates"": [[1.436505558501991, 43.59911474290495]], ""type"": ""MultiPoint""}",MUSEE DES INSTRUMENTS DE MEDECINE DES HOPITAUX DE TOULOUSE,Structure commerciale,1573768,2267731,2,RUE VIGUERIE,31300,TOULOUSE,F,F,F,F,No,F,F,F,F,No,F,No,2,2.1
"43.60225591852924,1.4431269797520092","{""coordinates"": [[1.443126979752009, 43.60225591852924]], ""type"": ""MultiPoint""}",MUSEE DU VIEUX TOULOUSE,Association,1574309,2268070,7,RUE DU MAY,31000,TOULOUSE,F,F,F,F,No,F,F,F,F,No,F,No,1,1.1
"43.60762726540515,1.440896226159542","{""coordinates"": [[1.440896226159542, 43.60762726540515]], ""type"": ""MultiPoint""}",MUSEE SAINT RAYMOND - ANNEXE,Mairie de Toulouse - DGA Culture,1574140,2268670,11,RUE DES TROIS RENARDS,31000,TOULOUSE,F,F,F,F,No,F,F,F,F,No,F,No,1,1.1
"43.599007873397184,1.4566871425002577","{""coordinates"": [[1.456687142500258, 43.599007873397184]], ""type"": ""MultiPoint""}",PUERTO HABANA,Structure commerciale,1575397,2267689,12,PORT SAINT ETIENNE,31000,TOULOUSE,F,F,F,F,No,F,F,F,F,No,F,No,4,4.3
"43.61327619798445,1.4607124461631142","{""coordinates"": [[1.460712446163114, 43.61327619798445]], ""type"": ""MultiPoint""}",SALLE LAVIT,Mairie de Toulouse - Autre Direction,1575751,2269268,1,RUE LEON JOUHAUX,31500,TOULOUSE,F,F,F,F,Yes,F,F,F,F,No,F,No,4,4.2
"43.61062954634198,1.4378955792760975","{""coordinates"": [[1.437895579276097, 43.61062954634198]], ""type"": ""MultiPoint""}",SALLE LEONCE CASTELBOU,Mairie de Toulouse - DGA Culture,1573904,2269008,22,RUE LEONCE CASTELBOU,31000,TOULOUSE,F,F,F,F,Yes,F,F,F,F,No,F,No,1,1.1
"43.60037813215456,1.484041209179632","{""coordinates"": [[1.484041209179632, 43.60037813215456]], ""type"": ""MultiPoint""}",STUDIO DE REPETITION CITE DE L'HERS,Mairie de Toulouse - DGA Culture,1577608,2267801,56,CHE DU CHATEAU DE L HERS,31500,TOULOUSE,F,F,F,F,No,F,F,F,F,No,F,Yes,4,4.3
"43.639216329811234,1.4429026757115508","{""coordinates"": [[1.442902675711551, 43.639216329811234]], ""type"": ""MultiPoint""}",STUDIO DE REPETITION DES CHAMOIS,Mairie de Toulouse - DGA Culture,1574367,2272176,11,RUE DES CHAMOIS,31200,TOULOUSE,F,F,F,F,No,F,F,F,F,No,F,Yes,3,3.3
"43.62044315533216,1.4540508628387219","{""coordinates"": [[1.454050862838722, 43.62044315533216]], ""type"": ""MultiPoint""}",THEATRE DE POCHE,Association,1575228,2270074,10,RUE D EL ALAMEIN,31500,TOULOUSE,F,F,F,F,No,F,F,F,F,No,F,No,4,4.1
"43.59697347881074,1.4332778757337474","{""coordinates"": [[1.433277875733747, 43.59697347881074]], ""type"": ""MultiPoint""}",THEATRE DU PONT NEUF,Association,1573503,2267498,8,PL BENOIT ARZAC,31300,TOULOUSE,F,F,F,F,No,F,F,F,F,No,F,No,2,2.1
"43.59697453540599,1.4293759790864464","{""coordinates"": [[1.429375979086446, 43.59697453540599]], ""type"": ""MultiPoint""}",THEATRE LE VENT DES SIGNES,Association,1573188,2267504,6,IMP VARSOVIE,31300,TOULOUSE,F,F,F,F,No,F,F,F,F,No,F,No,2,2.1
"43.564651960551224,1.4106708931568634","{""coordinates"": [[1.410670893156863, 43.564651960551224]], ""type"": ""MultiPoint""}",ANNEXE DU CRR LA FOURGUETTE,Mairie de Toulouse - DGA Culture,1571610,2263942,6,PL DES GLIERES,31100,TOULOUSE,F,F,F,F,No,F,F,F,F,No,F,No,6,6.4
"43.56923825221733,1.4846655447491761","{""coordinates"": [[1.484665544749176, 43.56923825221733]], ""type"": ""MultiPoint""}",ATELIERS DECORS THEATRE DU CAPITOLE,Mairie de Toulouse - DGA Culture,1577596,2264341,8,RUE JEAN RODIER,31400,TOULOUSE,F,F,F,F,No,F,F,F,F,No,F,Yes,5,5.1
"43.61138670431087,1.4500057943858333","{""coordinates"": [[1.450005794385833, 43.61138670431087]], ""type"": ""MultiPoint""}",BAM GALLERY,Structure commerciale,1574883,2269074,52,RUE RAYMOND IV,31000,TOULOUSE,F,F,F,F,No,F,F,F,F,No,F,No,1,1.3
"43.62090763222643,1.4350426076274823","{""coordinates"": [[1.435042607627482, 43.62090763222643]], ""type"": ""MultiPoint""}",CAFE THEATRE LES MINIMES,Structure commerciale,1573695,2270154,6,RUE GELIBERT,31200,TOULOUSE,F,F,F,F,No,F,F,F,F,No,F,No,3,3.1
"43.57273294064162,1.4348283723351252","{""coordinates"": [[1.434828372335125, 43.57273294064162]], ""type"": ""MultiPoint""}",CASINO THEATRE BARRIERE,Structure commerciale,1573578,2264803,18,CHE DE LA LOGE,31400,TOULOUSE,F,F,F,F,Yes,F,F,F,F,No,F,No,5,5.3
"43.564536828030846,1.3990734687949806","{""coordinates"": [[1.399073468794981, 43.564536828030846]], ""type"": ""MultiPoint""}",CENTRE CULTUREL ALBAN MINVILLE,Mairie de Toulouse - DGA Culture,1570673,2263947,1,PL MARTIN LUTHER KING,31100,TOULOUSE,F,F,F,F,Yes,F,F,F,F,No,F,Yes,6,6.3
"43.60832542550349,1.444607529170136","{""coordinates"": [[1.444607529170136, 43.60832542550349]], ""type"": ""MultiPoint""}",CENTRE CULTUREL BELLEGARDE,Mairie de Toulouse - DGA Culture,1574441,2268742,17,RUE BELLEGARDE,31000,TOULOUSE,F,F,F,F,No,F,F,F,F,No,F,Yes,1,1.1
"43.639216329811234,1.4429026757115508","{""coordinates"": [[1.442902675711551, 43.639216329811234]], ""type"": ""MultiPoint""}",CENTRE D'ANIMATION DES CHAMOIS,Mairie de Toulouse - DGA Culture,1574367,2272176,11,RUE DES CHAMOIS,31200,TOULOUSE,F,F,F,F,No,F,F,F,F,Yes,F,Yes,3,3.3
"43.5837161243945,1.4834517561900495","{""coordinates"": [[1.48345175619005, 43.5837161243945]], ""type"": ""MultiPoint""}",CENTRE D'ANIMATION LA TERRASSE,Mairie de Toulouse - DGA Culture,1577527,2265951,15,IMP FRANZ SCHRADER,31500,TOULOUSE,F,F,F,F,No,F,F,F,F,Yes,F,No,5,5.1
"43.59742331816946,1.4292777238182253","{""coordinates"": [[1.429277723818225, 43.59742331816946]], ""type"": ""MultiPoint""}",CENTRE DE DEVELOPPEMENT CHOREGRAPHIQUE (CDC),Association,1573181,2267554,5,AV ETIENNE BILLIERES,31300,TOULOUSE,F,F,F,F,No,F,F,F,F,No,F,Yes,2,2.1
"43.60205199759583,1.4393538711341562","{""coordinates"": [[1.439353871134156, 43.60205199759583]], ""type"": ""MultiPoint""}",COMMUNAUTE MUNICIPALE DE SANTE,Mairie de Toulouse - Autre Direction,1574004,2268053,2,RUE MALBEC,31000,TOULOUSE,F,F,F,F,Yes,F,F,F,F,No,F,No,1,1.1
"43.60710584021074,1.4422847183037093","{""coordinates"": [[1.442284718303709, 43.60710584021074]], ""type"": ""MultiPoint""}",ESAV,Association,1574251,2268610,56,RUE DU TAUR,31000,TOULOUSE,F,F,F,F,No,F,F,F,F,No,F,No,1,1.1
"43.585618401232615,1.4659300282527863","{""coordinates"": [[1.465930028252786, 43.585618401232615]], ""type"": ""MultiPoint""}",ESPACE ET BIBLIOTHEQUE PONT DES DEMOISELLES,Mairie de Toulouse - DGA Culture,1576116,2266188,63,AV ANTOINE DE ST EXUPERY,31400,TOULOUSE,F,F,F,F,No,F,F,F,F,No,F,No,5,5.1
"43.60533363025542,1.4477313514021115","{""coordinates"": [[1.447731351402112, 43.60533363025542]], ""type"": ""MultiPoint""}",ESPACE W31 - AGENCE CREDIT AGRICOLE JEAN JAURES,Structure commerciale,1574687,2268405,1,ALL DU PRESIDENT ROOSEVELT,31000,TOULOUSE,F,F,F,F,No,F,F,F,F,No,F,No,1,1.1
"43.599544145651286,1.4449799203257347","{""coordinates"": [[1.444979920325735, 43.599544145651286]], ""type"": ""MultiPoint""}",GALERIE DAUDET,Structure commerciale,1574453,2267766,10,RUE DE LA TRINITE,31000,TOULOUSE,F,F,F,F,No,F,F,F,F,No,F,No,1,1.1
"43.60343780333013,1.441981897332086","{""coordinates"": [[1.441981897332086, 43.60343780333013]], ""type"": ""MultiPoint""}",GALERIE LE CONFORT DES ETRANGES,Structure commerciale,1574219,2268203,,RUE MIREPOIX,31000,,F,F,F,F,No,F,F,F,F,No,F,No,1,1.1
"43.59968070820493,1.449113833617778","{""coordinates"": [[1.449113833617778, 43.59968070820493]], ""type"": ""MultiPoint""}",GALERIE PINXIT,Structure commerciale,1574787,2267775,2,PL SAINT ETIENNE,31000,TOULOUSE,F,F,F,F,No,F,F,F,F,No,F,No,1,1.1
"43.60456068915471,1.447825331452886","{""coordinates"": [[1.447825331452886, 43.60456068915471]], ""type"": ""MultiPoint""}",GAUMONT WILSON,Structure commerciale,1574693,2268319,3,PL DU PDT THOMAS WILSON,31000,TOULOUSE,F,F,F,F,No,F,F,F,F,No,F,No,1,1.1
"43.58442024387215,1.4369808926668497","{""coordinates"": [[1.43698089266685, 43.58442024387215]], ""type"": ""MultiPoint""}",HALL 8 - PARC DES EXPOSITIONS,Mairie de Toulouse - Autre Direction,1573776,2266098,,ALL GABRIEL BIENES,31400,TOULOUSE,F,F,F,F,Yes,F,F,F,F,No,F,No,5,5.3
"43.59978123867938,1.453929976310654","{""coordinates"": [[1.453929976310654, 43.59978123867938]], ""type"": ""MultiPoint""}",HALLE AUX GRAINS,Mairie de Toulouse - DGA Culture,1575176,2267779,,PL DOMINIQUE MARTIN DUPUY,31000,TOULOUSE,F,F,F,F,No,F,F,F,F,No,F,No,1,1.3
"43.60062579710514,1.4397371866308595","{""coordinates"": [[1.439737186630859, 43.60062579710514]], ""type"": ""MultiPoint""}",INSTITUT SUPERIEUR DES ARTS DE TOULOUSE - ISDAT,Structure mixte,1574032,2267894,5,QU DE LA DAURADE,31000,TOULOUSE,F,F,F,F,No,F,F,F,F,No,F,No,1,1.1
"43.59886301446905,1.4318791637958734","{""coordinates"": [[1.431879163795873, 43.59886301446905]], ""type"": ""MultiPoint""}",LA LOUPIOTE,Structure commerciale,1573394,2267710,39,RUE RECLUSANE,31300,TOULOUSE,F,F,F,F,No,F,F,F,F,No,F,No,2,2.1
"43.600357895512616,1.4425683958425597","{""coordinates"": [[1.44256839584256, 43.600357895512616]], ""type"": ""MultiPoint""}",LA MEDIATHEQUE ASSOCIATIVE - MUSICOPHAGES,Association,1574260,2267860,6,RUE DE LA BOURSE,31000,TOULOUSE,F,F,F,F,No,F,F,F,F,No,F,No,1,1.1
"43.60441137250946,1.4514589143456191","{""coordinates"": [[1.451458914345619, 43.60441137250946]], ""type"": ""MultiPoint""}",LE CAFE POPULAIRE,Structure commerciale,1574986,2268297,9,RUE DE LA COLOMBETTE,31000,TOULOUSE,F,F,F,F,No,F,F,F,F,No,F,No,1,1.3
"43.61078444007328,1.4393659884424614","{""coordinates"": [[1.439365988442461, 43.61078444007328]], ""type"": ""MultiPoint""}",LE COMMUNARD,Structure commerciale,1574023,2269023,17,PL ARNAUD BERNARD,31000,TOULOUSE,F,F,F,F,No,F,F,F,F,No,F,No,1,1.1
"43.58890780387406,1.4459815388343125","{""coordinates"": [[1.445981538834312, 43.58890780387406]], ""type"": ""MultiPoint""}",LE CRATERE,Association,1574512,2266583,95,GRANDE-RUE SAINT MICHEL,31400,TOULOUSE,F,F,F,F,No,F,F,F,F,No,F,No,5,5.3
"43.623741599315146,1.4767070405811002","{""coordinates"": [[1.4767070405811, 43.623741599315146]], ""type"": ""MultiPoint""}",LE LIDO - CENTRE DES ARTS DU CIRQUE,Mairie de Toulouse - DGA Culture,1577063,2270407,14,RUE DE GAILLAC,31500,TOULOUSE,F,F,F,F,No,F,F,F,F,No,F,No,4,4.2
"43.56492764989023,1.4012917098885629","{""coordinates"": [[1.401291709888563, 43.56492764989023]], ""type"": ""MultiPoint""}",LE METRO,Structure commerciale,1570853,2263987,,ALL DE BELLEFONTAINE,31100,TOULOUSE,F,F,F,F,No,F,F,F,F,No,F,No,6,6.3
"43.63649331086897,1.4627667595811409","{""coordinates"": [[1.462766759581141, 43.63649331086897]], ""type"": ""MultiPoint""}",MAISON DE QUARTIER CROIX DAURADE,Mairie de Toulouse - DGA Culture,1575964,2271844,7,RUE FRANCIS LOPEZ,31200,TOULOUSE,F,F,F,F,No,F,F,F,F,Yes,F,No,3,3.3
"43.60037813215456,1.484041209179632","{""coordinates"": [[1.484041209179632, 43.60037813215456]], ""type"": ""MultiPoint""}",MAISON DE QUARTIER DE L'HERS,Association,1577608,2267801,56,CHE DU CHATEAU DE L HERS,31500,TOULOUSE,F,F,F,F,No,F,F,F,F,Yes,F,No,4,4.3
"43.64912520975742,1.4507576387633927","{""coordinates"": [[1.450757638763393, 43.64912520975742]], ""type"": ""MultiPoint""}",MAISON DE QUARTIER DU GRAND SELVE,Mairie de Toulouse - DGA Culture,1575021,2273265,,ALL DE GRAND SELVE,31200,TOULOUSE,F,F,F,F,No,F,F,F,F,Yes,F,No,3,3.3
"43.58821799093122,1.3851632006582404","{""coordinates"": [[1.38516320065824, 43.58821799093122]], ""type"": ""MultiPoint""}",MAISON DE QUARTIER RUE JEAN D'ALEMBERT,Association,1569600,2266599,30,RUE JEAN D ALEMBERT,31100,TOULOUSE,F,F,F,F,No,F,F,F,F,Yes,F,No,6,6.2
"43.57879671469887,1.4465484274942493","{""coordinates"": [[1.446548427494249, 43.57879671469887]], ""type"": ""MultiPoint""}",MAISON DES ASSOCIATIONS NIEL,Mairie de Toulouse - Autre Direction,1574537,2265459,81,RUE SAINT ROCH,31400,TOULOUSE,F,F,F,F,Yes,F,F,F,F,Yes,F,No,5,5.3
"43.61815686034923,1.4201074027621392","{""coordinates"": [[1.420107402762139, 43.61815686034923]], ""type"": ""MultiPoint""}",MIX ART MYRYS,Association,1572484,2269871,12,RUE FERDINAND LASSALLE,31200,TOULOUSE,F,F,F,F,No,F,F,F,F,No,F,No,3,3.1
"43.6018630851688,1.4413655361108626","{""coordinates"": [[1.441365536110863, 43.6018630851688]], ""type"": ""MultiPoint""}",PAVILLON MAZAR,Association,1574166,2268029,5,RUE DU PRIEURE,31000,TOULOUSE,F,F,F,F,No,F,F,F,F,No,F,No,1,1.1
"43.60557180183225,1.4554309899932718","{""coordinates"": [[1.455430989993272, 43.60557180183225]], ""type"": ""MultiPoint""}",REST'O JAZZ,Structure commerciale,1575309,2268420,8,RUE AMELIE,31000,TOULOUSE,F,F,F,F,No,F,F,F,F,No,F,No,1,1.3
"43.587310294038346,1.461825291624753","{""coordinates"": [[1.461825291624753, 43.587310294038346]], ""type"": ""MultiPoint""}",SALLE DU PONT DES DEMOISELLES,Mairie de Toulouse - Autre Direction,1575788,2266382,7,AV ANTOINE DE ST EXUPERY,31400,TOULOUSE,F,F,F,F,Yes,F,F,F,F,No,F,No,5,5.1
"43.62059114887475,1.4516555303583645","{""coordinates"": [[1.451655530358364, 43.62059114887475]], ""type"": ""MultiPoint""}",SALLE LAPUJADE,Mairie de Toulouse - Autre Direction,1575035,2270094,16,RUE MICHEL ANGE,31200,TOULOUSE,F,F,F,F,Yes,F,F,F,F,No,F,No,4,4.1
"43.62121698214286,1.408243520573767","{""coordinates"": [[1.408243520573767, 43.62121698214286]], ""type"": ""MultiPoint""}",SALLE NOUGARO - LAC,Structure commerciale,1571533,2270229,20,CHE DE GARRIC,31200,TOULOUSE,F,F,F,F,No,F,F,F,F,No,F,No,3,3.2
"43.62217526209782,1.4052692055226392","{""coordinates"": [[1.405269205522639, 43.62217526209782]], ""type"": ""MultiPoint""}",THEATRE 2 L'ACTE - LE RING,Association,1571295,2270340,151,RTE DE BLAGNAC,31200,TOULOUSE,F,F,F,F,No,F,F,F,F,No,F,Yes,3,3.2
"43.63928342788406,1.455965741956404","{""coordinates"": [[1.455965741956404, 43.63928342788406]], ""type"": ""MultiPoint""}",THEATRE DE LA VIOLETTE,Association,1575421,2272164,67,CHE PUJIBET,31200,TOULOUSE,F,F,F,F,No,F,F,F,F,No,F,No,3,3.3
"43.603870791822025,1.44405207645748","{""coordinates"": [[1.44405207645748, 43.603870791822025]], ""type"": ""MultiPoint""}",THEATRE DU CAPITOLE,Mairie de Toulouse - DGA Culture,1574387,2268248,1,PL DU CAPITOLE,31000,TOULOUSE,F,F,F,F,No,F,F,F,F,No,F,No,1,1.1
"43.59861999798221,1.453934613725936","{""coordinates"": [[1.453934613725936, 43.59861999798221]], ""type"": ""MultiPoint""}",THEATRE DU GRAND ROND,Association,1575174,2267650,23,RUE DES POTIERS,31000,TOULOUSE,F,F,F,F,No,F,F,F,F,No,F,No,1,1.3
"43.5809716983723,1.4476199992146812","{""coordinates"": [[1.447619999214681, 43.5809716983723]], ""type"": ""MultiPoint""}",THEATRE DU PAVE,Association,1574628,2265699,34,RUE MARAN,31400,TOULOUSE,F,F,F,F,No,F,F,F,F,No,F,No,5,5.3
"43.60941371492754,1.4391904126486061","{""coordinates"": [[1.439190412648606, 43.60941371492754]], ""type"": ""MultiPoint""}",THEATRE LE FIL A PLOMB,Association,1574006,2268871,30,RUE DE LA CHAINE,31000,TOULOUSE,F,F,F,F,No,F,F,F,F,No,F,No,1,1.1
"43.606277051670716,1.4556609195710284","{""coordinates"": [[1.455660919571028, 43.606277051670716]], ""type"": ""MultiPoint""}",THEATRE LES 3 T,Structure commerciale,1575329,2268498,40,RUE GABRIEL PERI,31000,TOULOUSE,F,F,F,F,No,F,F,F,F,No,F,No,1,1.3
"43.60555426757421,1.4480726214536443","{""coordinates"": [[1.448072621453644, 43.60555426757421]], ""type"": ""MultiPoint""}",UGC CINEMA,Structure commerciale,1574715,2268429,9,ALL DU PRESIDENT ROOSEVELT,31000,TOULOUSE,F,F,F,F,No,F,F,F,F,No,F,No,1,1.1
"43.5992078751307,1.4083714612048004","{""coordinates"": [[1.4083714612048, 43.5992078751307]], ""type"": ""MultiPoint""}",ZENITH,Structure commerciale,1571497,2267784,11,AV RAYMOND BADIOU,31300,TOULOUSE,F,F,F,F,No,F,F,F,F,No,F,No,2,2.4
"43.570422847313374,1.4028565308259797","{""coordinates"": [[1.40285653082598, 43.570422847313374]], ""type"": ""MultiPoint""}",ATELIER B,Mairie de Toulouse - DGA Culture,1570991,2264595,3,PL ANDRE ABBAL,31100,TOULOUSE,F,F,F,F,No,F,F,F,F,Yes,F,No,6,6.3
"43.58010788254933,1.4118784904975625","{""coordinates"": [[1.411878490497563, 43.58010788254933]], ""type"": ""MultiPoint""}",BIBLIOTHEQUE ANTOINE DE SAINT EXUPERY,Mairie de Toulouse - DGA Culture,1571740,2265657,37,RUE DU LOT,31100,TOULOUSE,F,F,F,F,No,F,F,F,F,No,F,No,2,2.3
"43.61631388862685,1.4535854924000524","{""coordinates"": [[1.453585492400052, 43.61631388862685]], ""type"": ""MultiPoint""}",BIBLIOTHEQUE BONNEFOY,Mairie de Toulouse - DGA Culture,1575182,2269616,4,RUE DU FAUBOURG BONNEFOY,31500,TOULOUSE,F,F,F,F,No,F,F,F,F,No,F,No,4,4.1
"43.58266901811938,1.3894338591856477","{""coordinates"": [[1.389433859185648, 43.58266901811938]], ""type"": ""MultiPoint""}",BIBLIOTHEQUE DES PRADETTES,Mairie de Toulouse - DGA Culture,1569933,2265976,3,AV DE LA DEPECHE,31100,TOULOUSE,F,F,F,F,No,F,F,F,F,No,F,No,6,6.2
"43.597072671998276,1.443283936757307","{""coordinates"": [[1.443283936757307, 43.597072671998276]], ""type"": ""MultiPoint""}",BIBLIOTHEQUE FABRE,Mairie de Toulouse - DGA Culture,1574311,2267494,6,RUE SAINT JEAN,31000,TOULOUSE,F,F,F,F,No,F,F,F,F,No,F,No,1,1.1
"43.608954278363,1.4492003148165755","{""coordinates"": [[1.449200314816576, 43.608954278363]], ""type"": ""MultiPoint""}",BIBLIOTHEQUE POUR TOUS - BELFORT,Association,1574813,2268805,17,RUE DE BELFORT,31000,TOULOUSE,F,F,F,F,No,F,F,F,F,No,F,No,1,1.3
"43.579886476533225,1.4082187334782321","{""coordinates"": [[1.408218733478232, 43.579886476533225]], ""type"": ""MultiPoint""}",CENTRE D'ANIMATION DE BAGATELLE,Mairie de Toulouse - DGA Culture,1571444,2265638,11,IMP DU BACHAGA BOUALAM,31100,TOULOUSE,F,F,F,F,No,F,F,F,F,Yes,F,No,2,2.3
"43.6482273897219,1.4328911851171073","{""coordinates"": [[1.432891185117107, 43.6482273897219]], ""type"": ""MultiPoint""}",CENTRE D'ANIMATION LALANDE,Mairie de Toulouse - DGA Culture,1573578,2273192,239,AV DE FRONTON,31200,TOULOUSE,F,F,F,F,No,F,F,F,F,Yes,F,No,3,3.2
"43.570422847313374,1.4028565308259797","{""coordinates"": [[1.40285653082598, 43.570422847313374]], ""type"": ""MultiPoint""}",CENTRE D'ANIMATION REYNERIE,Mairie de Toulouse - DGA Culture,1570991,2264595,3,PL ANDRE ABBAL,31100,TOULOUSE,F,F,F,F,No,F,F,F,F,Yes,F,No,6,6.3
"43.56167305551263,1.378994128328354","{""coordinates"": [[1.378994128328354, 43.56167305551263]], ""type"": ""MultiPoint""}",CENTRE D'ANIMATION SAINT SIMON,Mairie de Toulouse - DGA Culture,1569045,2263660,10,CHE DE LIFFARD,31100,TOULOUSE,F,F,F,F,No,F,F,F,F,Yes,F,No,6,6.4
"43.60236381366186,1.4673673834393073","{""coordinates"": [[1.467367383439307, 43.60236381366186]], ""type"": ""MultiPoint""}",CERCLE LAIQUE JEAN CHAUBET,Association,1576266,2268046,7,PL MARIUS PINEL,31500,TOULOUSE,F,F,F,F,No,F,F,F,F,Yes,F,Yes,4,4.2
"43.60730817013732,1.4432706696541147","{""coordinates"": [[1.443270669654115, 43.60730817013732]], ""type"": ""MultiPoint""}",CHAPELLE DES CARMELITES,Mairie de Toulouse - DGA Culture,1574331,2268631,1,RUE DE PERIGORD,31000,TOULOUSE,F,F,F,F,No,F,F,F,F,No,F,No,1,1.1
"43.58675261462,1.447051946470586","{""coordinates"": [[1.447051946470586, 43.58675261462]], ""type"": ""MultiPoint""}",CHAPELLE DES LAZARISTES,Mairie de Toulouse - DGA Culture,1574594,2266342,20,GRANDE-RUE SAINT MICHEL,31400,TOULOUSE,F,F,F,F,No,F,F,F,F,No,F,No,5,5.3
"43.599417972274246,1.4510033812206855","{""coordinates"": [[1.451003381220686, 43.599417972274246]], ""type"": ""MultiPoint""}",CHAPELLE SAINTE ANNE,Mairie de Toulouse - Autre Direction,1574939,2267743,15,RUE SAINTE ANNE,31000,TOULOUSE,F,F,F,F,No,F,F,F,F,No,F,No,1,1.1
"43.58745657024162,1.4913594419799314","{""coordinates"": [[1.491359441979931, 43.58745657024162]], ""type"": ""MultiPoint""}",CITE DE L'ESPACE,Structure commerciale,1578173,2266355,,AV JEAN GONORD,31500,TOULOUSE CEDEX 5,F,F,F,F,No,F,F,F,F,No,F,No,4,4.3
"43.60326351980178,1.438406176259181","{""coordinates"": [[1.438406176259181, 43.60326351980178]], ""type"": ""MultiPoint""}",CONSERVATOIRE A RAYONNEMENT REGIONAL (CRR) - ESPACE VARESE,Mairie de Toulouse - DGA Culture,1573930,2268189,17,RUE LARREY,31000,TOULOUSE,F,F,F,F,No,F,F,F,F,No,F,Yes,1,1.1
"43.597736090293616,1.4417434184865172","{""coordinates"": [[1.441743418486517, 43.597736090293616]], ""type"": ""MultiPoint""}",CONSERVATOIRE OCCITAN,Association,1574188,2267570,5,RUE DU PONT DE TOUNIS,31000,TOULOUSE,F,F,F,F,No,F,F,F,F,No,F,Yes,1,1.1
"43.58532433587174,1.4286353510821586","{""coordinates"": [[1.428635351082159, 43.58532433587174]], ""type"": ""MultiPoint""}",EL BARRIO LATINO,Structure commerciale,1573104,2266211,144,AV DE MURET,31300,TOULOUSE,F,F,F,F,No,F,F,F,F,No,F,No,2,2.2
"43.61631388862685,1.4535854924000524","{""coordinates"": [[1.453585492400052, 43.61631388862685]], ""type"": ""MultiPoint""}",ESPACE BONNEFOY,Mairie de Toulouse - DGA Culture,1575182,2269616,4,RUE DU FAUBOURG BONNEFOY,31500,TOULOUSE,F,F,F,F,No,F,F,F,F,No,F,Yes,4,4.1
"43.604078929691504,1.435461666133191","{""coordinates"": [[1.435461666133191, 43.604078929691504]], ""type"": ""MultiPoint""}",ESPACE DANSE DU CONSERVATOIRE DE TOULOUSE,Mairie de Toulouse - DGA Culture,1573694,2268284,12,PL SAINT PIERRE,31000,TOULOUSE,F,F,F,F,No,F,F,F,F,No,F,Yes,1,1.1
"43.5986796263151,1.4489782313246113","{""coordinates"": [[1.448978231324611, 43.5986796263151]], ""type"": ""MultiPoint""}",GALERIE FABRICE GALVANI,Structure commerciale,1574774,2267664,2,RUE PIERRE DE FERMAT,31000,TOULOUSE,F,F,F,F,No,F,F,F,F,No,F,No,1,1.1
"43.59931284530559,1.4358439508159624","{""coordinates"": [[1.435843950815962, 43.59931284530559]], ""type"": ""MultiPoint""}",GALERIE PASSAGE A L'ART,Association,1573715,2267754,5,GRANDE-RUE SAINT NICOLAS,31300,TOULOUSE,F,F,F,F,No,F,F,F,F,No,F,No,2,2.1
"43.55705720244656,1.4194470287619534","{""coordinates"": [[1.419447028761953, 43.55705720244656]], ""type"": ""MultiPoint""}",GARE AUX MORILLES,Structure commerciale,1572303,2263085,7,CHE DES SILOS,31100,TOULOUSE,F,F,F,F,No,F,F,F,F,No,F,No,2,2.2
"43.60009040945213,1.4420921039691335","{""coordinates"": [[1.442092103969133, 43.60009040945213]], ""type"": ""MultiPoint""}",HOTEL D'ASSEZAT - FONDATION BEMBERG,Association,1574221,2267831,,PL D ASSEZAT,31000,TOULOUSE,F,F,F,F,No,F,F,F,F,No,F,No,1,1.1
"43.59911474290495,1.4365055585019906","{""coordinates"": [[1.436505558501991, 43.59911474290495]], ""type"": ""MultiPoint""}",HOTEL DIEU,Mairie de Toulouse - Autre Direction,1573768,2267731,2,RUE VIGUERIE,31300,TOULOUSE,F,F,F,F,Yes,F,F,F,F,No,F,No,2,2.1
"43.59537746741279,1.4430794308128416","{""coordinates"": [[1.443079430812842, 43.59537746741279]], ""type"": ""MultiPoint""}",INSTITUT CATHOLIQUE DE TOULOUSE - ESPACE MUSEOGRAPHIQUE BACCRABERE - SALLE TOLOSA,Autre institution publique,1574291,2267306,31,RUE DE LA FONDERIE,31000,TOULOUSE,F,F,F,F,Yes,F,F,F,F,No,F,No,1,1.1
"43.613115478981214,1.4413259685472881","{""coordinates"": [[1.441325968547288, 43.613115478981214]], ""type"": ""MultiPoint""}",INSTITUTO CERVANTES,Association,1574186,2269279,31,RUE DES CHALETS,31000,TOULOUSE,F,F,F,F,Yes,F,F,F,F,No,F,No,1,1.3
"43.60972002190441,1.4392073564941184","{""coordinates"": [[1.439207356494118, 43.60972002190441]], ""type"": ""MultiPoint""}",LA MAISON BLANCHE,Structure commerciale,1574008,2268905,10,RUE ARNAUD BERNARD,31000,TOULOUSE,F,F,F,F,No,F,F,F,F,No,F,No,1,1.1
"43.594778233244455,1.4135777934605485","{""coordinates"": [[1.413577793460548, 43.594778233244455]], ""type"": ""MultiPoint""}",L'AVENUE,Structure commerciale,1571908,2267284,100,AV DE LOMBEZ,31300,TOULOUSE,F,F,F,F,No,F,F,F,F,No,F,No,2,2.4
"43.584400923377736,1.427594060885855","{""coordinates"": [[1.427594060885855, 43.584400923377736]], ""type"": ""MultiPoint""}",LE BIJOU,Structure commerciale,1573018,2266110,123,AV DE MURET,31300,TOULOUSE,F,F,F,F,No,F,F,F,F,No,F,No,2,2.2
"43.59908034629832,1.4439635874883932","{""coordinates"": [[1.443963587488393, 43.59908034629832]], ""type"": ""MultiPoint""}",LE CLASSICO,Structure commerciale,1574370,2267716,37,RUE DES FILATIERS,31000,TOULOUSE,F,F,F,F,No,F,F,F,F,No,F,No,1,1.1
"43.631441415845735,1.4728338577863467","{""coordinates"": [[1.472833857786347, 43.631441415845735]], ""type"": ""MultiPoint""}",LE GRENIER THEATRE,Association,1576766,2271268,14,IMP DE GRAMONT,31200,TOULOUSE,F,F,F,F,No,F,F,F,F,No,F,No,4,4.1
"43.60592943422897,1.4278695144259463","{""coordinates"": [[1.427869514425946, 43.60592943422897]], ""type"": ""MultiPoint""}",LE MANDALA,Structure commerciale,1573085,2268501,23,RUE DES AMIDONNIERS,31000,TOULOUSE,F,F,F,F,No,F,F,F,F,No,F,No,1,1.2
"43.64092387322595,1.4500610315387474","{""coordinates"": [[1.450061031538747, 43.64092387322595]], ""type"": ""MultiPoint""}",LE METRONUM,Mairie de Toulouse - DGA Culture,1574948,2272355,,RPT MADAME DE MONDONVILLE,31200,TOULOUSE,F,F,F,F,No,F,F,F,F,No,F,Yes,3,3.3
"43.603471049048814,1.4364435263821513","{""coordinates"": [[1.436443526382151, 43.603471049048814]], ""type"": ""MultiPoint""}",LE SAINT DES SEINS,Structure commerciale,1573772,2268215,5,PL SAINT PIERRE,31000,TOULOUSE,F,F,F,F,No,F,F,F,F,No,F,No,1,1.1
"43.63273861549218,1.450566432903327","{""coordinates"": [[1.450566432903327, 43.63273861549218]], ""type"": ""MultiPoint""}",LES JARDINS DU MUSEUM - LA MAOURINE,Mairie de Toulouse - DGA Culture,1574972,2271445,24,AV MAURICE BOURGES MAUNOURY,31200,TOULOUSE,F,F,F,F,No,F,F,F,F,No,F,No,3,3.3
"43.600699547098415,1.4432038330853345","{""coordinates"": [[1.443203833085335, 43.600699547098415]], ""type"": ""MultiPoint""}",MAISON DE L'OCCITANIE,Association,1574312,2267897,11,RUE MALCOUSINAT,31000,TOULOUSE,F,F,F,F,Yes,F,F,F,F,No,F,No,1,1.1
"43.60048977778155,1.4740541317313705","{""coordinates"": [[1.47405413173137, 43.60048977778155]], ""type"": ""MultiPoint""}",MAISON DE QUARTIER ACHIARY,Association,1576802,2267828,42,RUE HENRIETTE ACHIARY,31500,TOULOUSE,F,F,F,F,No,F,F,F,F,Yes,F,No,4,4.3
"43.61066869032478,1.4414627930119763","{""coordinates"": [[1.441462793011976, 43.61066869032478]], ""type"": ""MultiPoint""}",MAISON DE QUARTIER ESCOUSSIERES ARNAUD-BERNARD,Association,1574192,2269007,3,RUE ESCOUSSIERES A BERNARD,31000,TOULOUSE,F,F,F,F,No,F,F,F,F,Yes,F,No,1,1.1
"43.64677937580175,1.4329903739850787","{""coordinates"": [[1.432990373985079, 43.64677937580175]], ""type"": ""MultiPoint""}",MAISON DE QUARTIER LALANDE,Association,1573583,2273031,1,CHE DE L EGLISE DE LALANDE,31200,TOULOUSE,F,F,F,F,No,F,F,F,F,Yes,F,No,3,3.2
"43.614459487795614,1.4488869602500465","{""coordinates"": [[1.448886960250046, 43.614459487795614]], ""type"": ""MultiPoint""}",MAISON DE QUARTIER MATABIAU,Association,1574799,2269417,7,BD MATABIAU,31000,TOULOUSE,F,F,F,F,No,F,F,F,F,Yes,F,No,1,1.3
"43.56720781859229,1.4008234606979597","{""coordinates"": [[1.40082346069796, 43.56720781859229]], ""type"": ""MultiPoint""}",MEDIATHEQUE GRAND M,Mairie de Toulouse - DGA Culture,1570820,2264241,37,AV DE REYNERIE,31100,TOULOUSE,F,F,F,F,No,F,F,F,F,No,F,No,6,6.3
"43.586399978713,1.4469370637644121","{""coordinates"": [[1.446937063764412, 43.586399978713]], ""type"": ""MultiPoint""}",MULLIGANS,Structure commerciale,1574584,2266303,39,GRANDE-RUE SAINT MICHEL,31400,TOULOUSE,F,F,F,F,No,F,F,F,F,No,F,No,5,5.3
"43.58906213963228,1.4568270746328773","{""coordinates"": [[1.456827074632877, 43.58906213963228]], ""type"": ""MultiPoint""}",MUSEE DE LA RESISTANCE ET DE LA DEPORTATION,Autre institution publique,1575388,2266584,52,ALL DES DEMOISELLES,31400,TOULOUSE,F,F,F,F,No,F,F,F,F,No,F,No,5,5.3
"43.60056472311825,1.4458953738969884","{""coordinates"": [[1.445895373896988, 43.60056472311825]], ""type"": ""MultiPoint""}",MUSEE DES AUGUSTINS - MUSEE DES BEAUX ARTS DE TOULOUSE,Mairie de Toulouse - DGA Culture,1574529,2267878,21,RUE DE METZ,31000,TOULOUSE,F,F,F,F,No,F,F,F,F,No,F,No,1,1.1
"43.59689649994873,1.4469177719490054","{""coordinates"": [[1.446917771949005, 43.59689649994873]], ""type"": ""MultiPoint""}",MUSEE PAUL-DUPUY - ARTS GRAPHIQUES ET ARTS DECORATIFS,Mairie de Toulouse - DGA Culture,1574604,2267469,13,RUE DE LA PLEAU,31000,TOULOUSE,F,F,F,F,No,F,F,F,F,No,F,No,1,1.1
"43.60823475122347,1.4425532441887858","{""coordinates"": [[1.442553244188786, 43.60823475122347]], ""type"": ""MultiPoint""}",MUSEE SAINT-RAYMOND - MUSEE DES ANTIQUES DE TOULOUSE,Mairie de Toulouse - DGA Culture,1574275,2268735,,PL SAINT SERNIN,31000,TOULOUSE,F,F,F,F,Yes,F,F,F,F,No,F,No,1,1.1
"43.61305058804898,1.4365202572306273","{""coordinates"": [[1.436520257230627, 43.61305058804898]], ""type"": ""MultiPoint""}",MUSIC'HALLE,Association,1573798,2269279,23,RUE DANIELLE CASANOVA,31000,TOULOUSE,F,F,F,F,No,F,F,F,F,No,F,No,1,1.2
"43.57413886921833,1.4536628534980982","{""coordinates"": [[1.453662853498098, 43.57413886921833]], ""type"": ""MultiPoint""}",NOUVEAU THEATRE JULES JULIEN,Mairie de Toulouse - DGA Culture,1575102,2264931,6,AV DES ECOLES JULES JULIEN,31400,TOULOUSE,F,F,F,F,No,F,F,F,F,No,F,No,5,5.2
"43.6058812954018,1.444273376695663","{""coordinates"": [[1.444273376695663, 43.6058812954018]], ""type"": ""MultiPoint""}",SALLE DU SENECHAL,Mairie de Toulouse - Autre Direction,1574409,2268471,17,RUE DE REMUSAT,31000,TOULOUSE,F,F,F,F,Yes,F,F,F,F,No,F,No,1,1.1
"43.564536828030846,1.3990734687949806","{""coordinates"": [[1.399073468794981, 43.564536828030846]], ""type"": ""MultiPoint""}",STUDIO DE REPETITION ALBAN MINVILLE,Mairie de Toulouse - DGA Culture,1570673,2263947,1,PL MARTIN LUTHER KING,31100,TOULOUSE,F,F,F,F,No,F,F,F,F,No,F,Yes,6,6.3
"43.60793864263856,1.4567215003323042","{""coordinates"": [[1.456721500332304, 43.60793864263856]], ""type"": ""MultiPoint""}",THEATRE DU CHIEN BLANC,Association,1575418,2268681,25,RUE DU GEN JEAN COMPANS,31500,TOULOUSE,F,F,F,F,No,F,F,F,F,No,F,No,4,4.2
"43.614731122279615,1.4543814096712189","{""coordinates"": [[1.454381409671219, 43.614731122279615]], ""type"": ""MultiPoint""}",THEATRE DU HANGAR,Association,1575243,2269439,11,RUE DES CHEMINOTS,31500,TOULOUSE,F,F,F,F,No,F,F,F,F,No,F,No,4,4.1
"43.60400215736915,1.4498092740986945","{""coordinates"": [[1.449809274098695, 43.60400215736915]], ""type"": ""MultiPoint""}",THEATRE NATIONAL DE TOULOUSE (TNT),Structure mixte,1574852,2268254,1,RUE PIERRE BAUDIS,31000,TOULOUSE,F,F,F,F,No,F,F,F,F,No,F,No,1,1.1
"43.594178149145655,1.448956340347501","{""coordinates"": [[1.448956340347501, 43.594178149145655]], ""type"": ""MultiPoint""}",THEATRE SORANO,Mairie de Toulouse - DGA Culture,1574763,2267164,35,ALL JULES GUESDE,31000,TOULOUSE,F,F,F,F,No,F,F,F,F,No,F,No,5,5.3
"43.559888173399486,1.377543570969093","{""coordinates"": [[1.377543570969093, 43.559888173399486]], ""type"": ""MultiPoint""}",ANNEXE DU CRR SAINT-SIMON,Mairie de Toulouse - DGA Culture,1568924,2263464,7,RUE DARBOUSSIER,31100,TOULOUSE,F,F,F,F,No,F,F,F,F,No,F,No,6,6.4
"43.605951064645126,1.448124470939907","{""coordinates"": [[1.448124470939907, 43.605951064645126]], ""type"": ""MultiPoint""}",CAFE ROCK LE DAUPHIN,Structure commerciale,1574720,2268473,3,BD DE STRASBOURG,31000,TOULOUSE,F,F,F,F,No,F,F,F,F,No,F,No,1,1.1
"43.61424414975031,1.474651897622262","{""coordinates"": [[1.474651897622262, 43.61424414975031]], ""type"": ""MultiPoint""}",CENTRE D'ANIMATION SOUPETARD,Mairie de Toulouse - DGA Culture,1576878,2269355,63,CHE DE HEREDIA,31500,TOULOUSE,F,F,F,F,No,F,F,F,F,Yes,F,No,4,4.2
"43.611480267136116,1.4349002460324305","{""coordinates"": [[1.43490024603243, 43.611480267136116]], ""type"": ""MultiPoint""}",CENTRE DES CONGRES PIERRE BAUDIS,Structure commerciale,1573664,2269107,11,ESP COMPANS CAFFARELLI,31000,TOULOUSE,F,F,F,F,Yes,F,F,F,F,No,F,No,1,1.2
"43.60902803470941,1.4439701594062444","{""coordinates"": [[1.443970159406244, 43.60902803470941]], ""type"": ""MultiPoint""}",CINEMA ABC,Association,1574391,2268821,13,RUE SAINT BERNARD,31000,TOULOUSE,F,F,F,F,No,F,F,F,F,No,F,No,1,1.1
"43.60709500514192,1.4421487133430835","{""coordinates"": [[1.442148713343083, 43.60709500514192]], ""type"": ""MultiPoint""}",CINEMATHEQUE DE TOULOUSE,Association,1574240,2268609,69,RUE DU TAUR,31000,TOULOUSE CEDEX 6,F,F,F,F,No,F,F,F,F,No,F,No,1,1.1
"43.598821523964524,1.442793399974501","{""coordinates"": [[1.442793399974501, 43.598821523964524]], ""type"": ""MultiPoint""}",CITRON BLEU,Structure commerciale,1574275,2267689,18,RUE DES PARADOUX,31000,TOULOUSE,F,F,F,F,No,F,F,F,F,No,F,No,1,1.1
"43.603870791822025,1.44405207645748","{""coordinates"": [[1.44405207645748, 43.603870791822025]], ""type"": ""MultiPoint""}",COUR HENRI IV,Mairie de Toulouse - Autre Direction,1574387,2268248,1,PL DU CAPITOLE,31000,TOULOUSE,F,F,F,F,No,F,F,F,F,No,F,No,1,1.1
"43.604551617915085,1.4324763342540432","{""coordinates"": [[1.432476334254043, 43.604551617915085]], ""type"": ""MultiPoint""}",ESPACE BAZACLE,Structure commerciale,1573454,2268341,11,QU SAINT PIERRE,31000,TOULOUSE,F,F,F,F,No,F,F,F,F,No,F,No,1,1.2
"43.599818569805116,1.4479830740539856","{""coordinates"": [[1.447983074053986, 43.599818569805116]], ""type"": ""MultiPoint""}",ESPACE CROIX BARAGNON,Mairie de Toulouse - DGA Culture,1574696,2267792,24,RUE CROIX BARAGNON,31000,TOULOUSE,F,F,F,F,No,F,F,F,F,No,F,No,1,1.1
"43.6031733611625,1.4531255525854871","{""coordinates"": [[1.453125552585487, 43.6031733611625]], ""type"": ""MultiPoint""}",ESPACE DES DIVERSITES ET DE LA LAICITE,Mairie de Toulouse - Autre Direction,1575118,2268157,38,RUE D AUBUISSON,31000,TOULOUSE,F,F,F,F,Yes,F,F,F,F,No,F,No,1,1.3
"43.616852402226506,1.4083573601617272","{""coordinates"": [[1.408357360161727, 43.616852402226506]], ""type"": ""MultiPoint""}",ESPACE JOB,Mairie de Toulouse - DGA Culture,1571533,2269744,105,RTE DE BLAGNAC,31200,TOULOUSE,F,F,F,F,Yes,F,F,F,F,Yes,F,Yes,3,3.2
"43.59616432164077,1.4273901705007102","{""coordinates"": [[1.42739017050071, 43.59616432164077]], ""type"": ""MultiPoint""}",ESPACE ROGUET - MJC ROGUET,Autre institution publique,1573026,2267417,9,RUE DE GASCOGNE,31300,TOULOUSE,F,F,F,F,No,F,F,F,F,Yes,F,Yes,2,2.1
"43.60383912614674,1.443706012074208","{""coordinates"": [[1.443706012074208, 43.60383912614674]], ""type"": ""MultiPoint""}",FONDATION ESPACE ECUREUIL POUR L'ART CONTEMPORAIN,Structure commerciale,1574359,2268245,3,PL DU CAPITOLE,31000,TOULOUSE,F,F,F,F,No,F,F,F,F,No,F,No,1,1.1
"43.59784960847445,1.4434870874982022","{""coordinates"": [[1.443487087498202, 43.59784960847445]], ""type"": ""MultiPoint""}",GALERIE CAN'ART,Structure commerciale,1574329,2267580,28,RUE DES POLINAIRES,31000,TOULOUSE,F,F,F,F,No,F,F,F,F,No,F,No,1,1.1
"43.60087752008602,1.4423817111578405","{""coordinates"": [[1.442381711157841, 43.60087752008602]], ""type"": ""MultiPoint""}",GALERIE EXPRMNTL,Structure commerciale,1574246,2267918,18,RUE DE LA BOURSE,31000,TOULOUSE,F,F,F,F,No,F,F,F,F,No,F,No,1,1.1
"43.610149608571476,1.4443628115698741","{""coordinates"": [[1.444362811569874, 43.610149608571476]], ""type"": ""MultiPoint""}",GALERIE INGRES - CRDP,Association,1574425,2268945,68,BD DE STRASBOURG,31000,TOULOUSE,F,F,F,F,No,F,F,F,F,No,F,No,1,1.3
"43.59672586817161,1.4442713373041967","{""coordinates"": [[1.444271337304197, 43.59672586817161]], ""type"": ""MultiPoint""}",GALERIE LES OREADES,Structure commerciale,1574390,2267454,39,RUE PHARAON,31000,TOULOUSE,F,F,F,F,No,F,F,F,F,No,F,No,1,1.1
"43.596236705393636,1.4473928635163509","{""coordinates"": [[1.447392863516351, 43.596236705393636]], ""type"": ""MultiPoint""}",GALERIE SOURILLAN,Structure commerciale,1574641,2267395,19,RUE THEODORE OZENNE,31000,TOULOUSE,F,F,F,F,No,F,F,F,F,No,F,No,1,1.1
"43.61384695685507,1.4268725812861816","{""coordinates"": [[1.426872581286182, 43.61384695685507]], ""type"": ""MultiPoint""}",L'AEROTHEQUE,Structure commerciale,1573021,2269382,,RUE MONTMORENCY,31200,TOULOUSE,F,F,F,F,No,F,F,F,F,No,F,No,3,3.1
"43.60146565402114,1.4439399522938774","{""coordinates"": [[1.443939952293877, 43.60146565402114]], ""type"": ""MultiPoint""}",LE CHAMPAGNE,Structure commerciale,1574373,2267981,4,RUE PEYRAS,31000,TOULOUSE,F,F,F,F,No,F,F,F,F,No,F,No,1,1.1
"43.599788689978475,1.43441958867104","{""coordinates"": [[1.43441958867104, 43.599788689978475]], ""type"": ""MultiPoint""}",LES ATELIERS MUSICAUX,Association,1573601,2267809,1,RUE QUILMERY,31300,TOULOUSE,F,F,F,F,No,F,F,F,F,No,F,No,2,2.1
"43.550402011130664,1.4505009060642489","{""coordinates"": [[1.450500906064249, 43.550402011130664]], ""type"": ""MultiPoint""}",MAISON DE QUARTIER DE POUVOURVILLE,Association,1574798,2262299,4,IMP DE SARRANGINES,31400,TOULOUSE,F,F,F,F,No,F,F,F,F,Yes,F,No,5,5.2
"43.61507425808611,1.396942385934325","{""coordinates"": [[1.396942385934325, 43.61507425808611]], ""type"": ""MultiPoint""}",MAISON DE QUARTIER DES ARENES ROMAINES,Mairie de Toulouse - DGA Culture,1570608,2269564,107,AV DES ARENES ROMAINES,31300,TOULOUSE,F,F,F,F,No,F,F,F,F,Yes,F,No,6,6.1
"43.6190285168825,1.4010020414118816","{""coordinates"": [[1.401002041411882, 43.6190285168825]], ""type"": ""MultiPoint""}",MJC ANCELY,Association,1570944,2269997,7,ALL DES CAUSSES,31300,TOULOUSE,F,F,F,F,No,F,F,F,F,Yes,F,No,6,6.1
"43.634709743089644,1.4660714361142224","{""coordinates"": [[1.466071436114222, 43.634709743089644]], ""type"": ""MultiPoint""}",MJC CROIX DAURADE,Association,1576227,2271641,141,CHE DE NICOL,31200,TOULOUSE,F,F,F,F,No,F,F,F,F,Yes,F,Yes,3,3.3
"43.585618401232615,1.4659300282527863","{""coordinates"": [[1.465930028252786, 43.585618401232615]], ""type"": ""MultiPoint""}",MJC PONT DES DEMOISELLES,Association,1576116,2266188,63,AV ANTOINE DE ST EXUPERY,31400,TOULOUSE,F,F,F,F,No,F,F,F,F,Yes,F,Yes,5,5.1
"43.573248867479926,1.4191641878268921","{""coordinates"": [[1.419164187826892, 43.573248867479926]], ""type"": ""MultiPoint""}",MJC PREVERT,Association,1572314,2264884,292,RTE DE SEYSSES,31100,TOULOUSE,F,F,F,F,No,F,F,F,F,Yes,F,Yes,2,2.3
"43.577023701529534,1.4506055523577859","{""coordinates"": [[1.450605552357786, 43.577023701529534]], ""type"": ""MultiPoint""}",MUSEE DES TRANSPORTS,Association,1574861,2265256,93,AV JULES JULIEN,31400,TOULOUSE,F,F,F,F,No,F,F,F,F,No,F,No,5,5.3
"43.59013439689813,1.4582490658941953","{""coordinates"": [[1.458249065894195, 43.59013439689813]], ""type"": ""MultiPoint""}",MUSEE GEORGES-LABIT,Mairie de Toulouse - DGA Culture,1575505,2266701,,RUE DU JAPON,31400,TOULOUSE,F,F,F,F,No,F,F,F,F,No,F,No,5,5.3
"43.594178149145655,1.448956340347501","{""coordinates"": [[1.448956340347501, 43.594178149145655]], ""type"": ""MultiPoint""}",MUSEUM D'HISTOIRE NATURELLE,Mairie de Toulouse - DGA Culture,1574763,2267164,35,ALL JULES GUESDE,31000,TOULOUSE,F,F,F,F,No,F,F,F,F,No,F,No,5,5.3
"43.60732592206663,1.4286140536385155","{""coordinates"": [[1.428614053638515, 43.60732592206663]], ""type"": ""MultiPoint""}",PENICHE LE CRI DE LA MOUETTE,Association,1573148,2268655,,ALL DE BARCELONE,31000,TOULOUSE,F,F,F,F,No,F,F,F,F,No,F,No,1,1.2
"43.58947388218926,1.479741797463106","{""coordinates"": [[1.479741797463106, 43.58947388218926]], ""type"": ""MultiPoint""}",SALLE DES FETES DE LIMAYRAC,Mairie de Toulouse - DGA Culture,1577239,2266596,22,RUE XAVIER DARASSE,31500,TOULOUSE,F,F,F,F,No,F,F,F,F,Yes,F,No,4,4.3
"43.561216893330645,1.4635222350711228","{""coordinates"": [[1.463522235071123, 43.561216893330645]], ""type"": ""MultiPoint""}",SALLE DU CAP - PAUL SABATIER,Autre institution publique,1575872,2263481,120,RTE DE NARBONNE,31400,TOULOUSE,F,F,F,F,No,F,F,F,F,No,F,No,5,5.2
"43.63666306491459,1.4424844369549483","{""coordinates"": [[1.442484436954948, 43.63666306491459]], ""type"": ""MultiPoint""}",SALLE ERNEST RENAN,Mairie de Toulouse - DGA Culture,1574328,2271893,5,CHE D AUDIBERT,31200,TOULOUSE,F,F,F,F,No,F,F,F,F,No,F,No,3,3.3
"43.61064620054513,1.4417978891059746","{""coordinates"": [[1.441797889105975, 43.61064620054513]], ""type"": ""MultiPoint""}",SALLE JEAN RANCY,Mairie de Toulouse - DGA Culture,1574219,2269004,12,RUE JEAN RANCY,31000,TOULOUSE,F,F,F,F,Yes,F,F,F,F,No,F,No,1,1.1
"43.60272614306861,1.4253381359784598","{""coordinates"": [[1.42533813597846, 43.60272614306861]], ""type"": ""MultiPoint""}",THEATRE GARONNE,Association,1572874,2268149,1,AV DU CHATEAU D EAU,31300,TOULOUSE,F,F,F,F,No,F,F,F,F,No,F,Yes,2,2.1
"43.604078929691504,1.435461666133191","{""coordinates"": [[1.435461666133191, 43.604078929691504]], ""type"": ""MultiPoint""}",AUDITORIUM SAINT - PIERRE DES CUISINES,Mairie de Toulouse - DGA Culture,1573694,2268284,12,PL SAINT PIERRE,31000,TOULOUSE,F,F,F,F,Yes,F,F,F,F,No,F,Yes,1,1.1
"43.62686461027098,1.4475430070223585","{""coordinates"": [[1.447543007022358, 43.62686461027098]], ""type"": ""MultiPoint""}",BBB - CENTRE D'ART,Association,1574716,2270797,96,RUE MICHEL ANGE,31200,TOULOUSE,F,F,F,F,No,F,F,F,F,No,F,No,3,3.3
"43.620398811822696,1.4346962993175596","{""coordinates"": [[1.43469629931756, 43.620398811822696]], ""type"": ""MultiPoint""}",BIBLIOTHEQUE DES MINIMES,Mairie de Toulouse - DGA Culture,1573666,2270098,3,PL DU MARCHE AUX COCHONS,31200,TOULOUSE,F,F,F,F,No,F,F,F,F,No,F,No,3,3.1
"43.55838925643467,1.3978604972984683","{""coordinates"": [[1.397860497298468, 43.55838925643467]], ""type"": ""MultiPoint""}",BIBLIOTHEQUE NOMADE - SERVICE AUX COLLECTIVITES - BIBLIOBUS,Mairie de Toulouse - DGA Culture,1570562,2263266,5,CHE DE PERPIGNAN,31100,TOULOUSE,F,F,F,F,No,F,F,F,F,No,F,No,6,6.4
"43.598908697932686,1.4306021033438407","{""coordinates"": [[1.430602103343841, 43.598908697932686]], ""type"": ""MultiPoint""}",BIBLIOTHEQUE SAINT CYPRIEN,Mairie de Toulouse - DGA Culture,1573291,2267717,63,RUE RECLUSANE,31300,TOULOUSE,F,F,F,F,No,F,F,F,F,No,F,No,2,2.1
"43.60874660712426,1.4782830239591447","{""coordinates"": [[1.478283023959145, 43.60874660712426]], ""type"": ""MultiPoint""}",BIBLIOTHEQUE SERVEYROLLES - SOUPETARD,Mairie de Toulouse - DGA Culture,1577160,2268739,,RUE CHARLES GARNIER,31500,TOULOUSE,F,F,F,F,No,F,F,F,F,No,F,No,4,4.2
"43.59829341224127,1.4336899377370713","{""coordinates"": [[1.433689937737071, 43.59829341224127]], ""type"": ""MultiPoint""}",CDC - STUDIOS DE REPETITION,Association,1573539,2267644,48,RUE DE LA REPUBLIQUE,31300,TOULOUSE,F,F,F,F,No,F,F,F,F,No,F,Yes,2,2.1
"43.565320343382325,1.4790430260526422","{""coordinates"": [[1.479043026052642, 43.565320343382325]], ""type"": ""MultiPoint""}",CENTRE CULTUREL LEONARD DE VINCI DE L'ENAC - THEATRE DE POCHE,Association,1577134,2263914,7,AV EDOUARD BELIN,31400,TOULOUSE,F,F,F,F,No,F,F,F,F,No,F,No,5,5.2
"43.57406042203928,1.4851154765409242","{""coordinates"": [[1.485115476540924, 43.57406042203928]], ""type"": ""MultiPoint""}",CENTRE D'ANIMATION MONTAUDRAN,Association,1577642,2264876,3,IMP GASTON GENIN,31400,TOULOUSE,F,F,F,F,No,F,F,F,F,Yes,F,No,5,5.1
"43.59947583878152,1.433919734631592","{""coordinates"": [[1.433919734631592, 43.59947583878152]], ""type"": ""MultiPoint""}",CHAPELLE SAN SUBRA,Mairie de Toulouse - Autre Direction,1573560,2267775,2,RUE SAN SUBRA,31300,TOULOUSE,F,F,F,F,Yes,F,F,F,F,No,F,No,2,2.1
"43.61139548276987,1.4466355547044323","{""coordinates"": [[1.446635554704432, 43.61139548276987]], ""type"": ""MultiPoint""}",CICC - SAMBA RESILLE,Association,1574611,2269080,38,RUE ROQUELAINE,31000,TOULOUSE,F,F,F,F,No,F,F,F,F,No,F,Yes,1,1.3
"43.60331334023683,1.4447724099759627","{""coordinates"": [[1.444772409975963, 43.60331334023683]], ""type"": ""MultiPoint""}",CMAV - CENTRE MERIDIONAL DE L'ARCHITECTURE DE LA VILLE,Association,1574444,2268185,5,RUE SAINT PANTALEON,31000,TOULOUSE,F,F,F,F,No,F,F,F,F,No,F,No,1,1.1
"43.583576720127354,1.4505507304958172","{""coordinates"": [[1.450550730495817, 43.583576720127354]], ""type"": ""MultiPoint""}",DUBLINERS,Structure commerciale,1574870,2265984,46,AV MARCEL LANGER,31400,TOULOUSE,F,F,F,F,No,F,F,F,F,No,F,No,5,5.3
"43.60448982058865,1.4398861872862618","{""coordinates"": [[1.439886187286262, 43.60448982058865]], ""type"": ""MultiPoint""}",ENSEMBLE CONVENTUEL DES JACOBINS,Mairie de Toulouse - DGA Culture,1574052,2268323,69,RUE PARGAMINIERES,31000,TOULOUSE,F,F,F,F,No,F,F,F,F,No,F,No,1,1.1
"43.597008401438885,1.4325337614795208","{""coordinates"": [[1.432533761479521, 43.597008401438885]], ""type"": ""MultiPoint""}",ERICH COFFEE,Structure commerciale,1573443,2267503,9,RUE JOSEPH VIE,31300,TOULOUSE,F,F,F,F,No,F,F,F,F,No,F,No,2,2.1
"43.59828278794131,1.4309154834000453","{""coordinates"": [[1.430915483400045, 43.59828278794131]], ""type"": ""MultiPoint""}",ESPACE SAINT CYPRIEN - CHAPEAU ROUGE,Mairie de Toulouse - DGA Culture,1573315,2267647,56,ALL CHARLES DE FITTE,31300,TOULOUSE,F,F,F,F,No,F,F,F,F,No,F,Yes,2,2.1
"43.57929389830171,1.4500526191688836","{""coordinates"": [[1.450052619168884, 43.57929389830171]], ""type"": ""MultiPoint""}",FAIRFIELD CAFE,Structure commerciale,1574821,2265509,110,AV JULES JULIEN,31400,TOULOUSE,F,F,F,F,No,F,F,F,F,No,F,No,5,5.3
"43.575318627939474,1.4651733943406384","{""coordinates"": [[1.465173394340638, 43.575318627939474]], ""type"": ""MultiPoint""}",FOYER DE RANGUEIL - RUE DE NIMES,Maison de quartier,1576034,2265045,62,RUE DE NIMES,31400,TOULOUSE,F,F,F,F,No,F,F,F,F,No,F,Yes,5,"5,2"
"43.62825319012237,1.445029037360147","{""coordinates"": [[1.445029037360147, 43.62825319012237]], ""type"": ""MultiPoint""}",FRICHE CULTURELLE DE L'IMPRIMERIE - ERNEST RENAN,Mairie de Toulouse - DGA Culture,1574516,2270955,14,RUE ERNEST RENAN,31200,TOULOUSE,F,F,F,F,No,F,F,F,F,No,F,Yes,3,3.3
"43.6048655216673,1.4510881287416602","{""coordinates"": [[1.45108812874166, 43.6048655216673]], ""type"": ""MultiPoint""}",FROG AND ROSBIF,Structure commerciale,1574957,2268348,14,RUE DE L INDUSTRIE,31000,TOULOUSE,F,F,F,F,No,F,F,F,F,No,F,No,1,1.3
"43.59326673955577,1.4347726326707118","{""coordinates"": [[1.434772632670712, 43.59326673955577]], ""type"": ""MultiPoint""}",GALERIE DU CHTEAU D'EAU,Association,1573616,2267084,1,RUE LAGANNE,31300,TOULOUSE,F,F,F,F,No,F,F,F,F,No,F,No,2,2.1
"43.600660273661404,1.449658772721393","{""coordinates"": [[1.449658772721393, 43.600660273661404]], ""type"": ""MultiPoint""}",GALERIE GRAAL,Structure commerciale,1574833,2267883,39,RUE DE METZ,31000,TOULOUSE,F,F,F,F,No,F,F,F,F,No,F,No,1,1.1
"43.60866268665053,1.4475971271002717","{""coordinates"": [[1.447597127100272, 43.60866268665053]], ""type"": ""MultiPoint""}",GALERIE KANDLER,Structure commerciale,1574683,2268775,14,RUE DE BAYARD,31000,TOULOUSE,F,F,F,F,No,F,F,F,F,No,F,No,1,1.3
"43.60194057277492,1.4538381255002093","{""coordinates"": [[1.453838125500209, 43.60194057277492]], ""type"": ""MultiPoint""}",GALERIE LULUMIRETTE,Association,1575173,2268019,28,RUE CARAMAN,31000,TOULOUSE,F,F,F,F,No,F,F,F,F,No,F,No,1,1.3
"43.59822030462972,1.434274004528577","{""coordinates"": [[1.434274004528577, 43.59822030462972]], ""type"": ""MultiPoint""}",LE CARSON CITY,Structure commerciale,1573586,2267635,3,PL OLIVIER,31300,TOULOUSE,F,F,F,F,No,F,F,F,F,No,F,No,2,2.1
"43.605734278055905,1.4333874964136057","{""coordinates"": [[1.433387496413606, 43.605734278055905]], ""type"": ""MultiPoint""}",MAISON DE QUARTIER - SALLE BARCELONE,Mairie de Toulouse - Autre Direction,1573530,2268471,22,ALL DE BARCELONE,31000,TOULOUSE,F,F,F,F,Yes,F,F,F,F,No,F,No,1,1.2
"43.63377302347568,1.4357909102318094","{""coordinates"": [[1.435790910231809, 43.63377302347568]], ""type"": ""MultiPoint""}",MAISON DE QUARTIER LA VACHE,Mairie de Toulouse - DGA Culture,1573782,2271582,6,RUE MARGUERITE DURAS,31200,TOULOUSE,F,F,F,F,No,F,F,F,F,Yes,F,No,3,3.1
"43.59277751166261,1.4532650933890767","{""coordinates"": [[1.453265093389077, 43.59277751166261]], ""type"": ""MultiPoint""}",MONUMENT DE LA RESISTANCE,Mairie de Toulouse - DGA Culture,1575108,2267002,,ALL FREDERIC MISTRAL,31400,TOULOUSE,F,F,F,F,No,F,F,F,F,No,F,No,5,5.3
"43.53354312977998,1.4587858298593253","{""coordinates"": [[1.458785829859325, 43.53354312977998]], ""type"": ""MultiPoint""}",MUSEE DE L'ABEILLE,Association,1575433,2260414,40,CHE DE PECHBUSQUE,31400,TOULOUSE,F,F,F,F,No,F,F,F,F,No,F,No,5,5.2
"43.59911474290495,1.4365055585019906","{""coordinates"": [[1.436505558501991, 43.59911474290495]], ""type"": ""MultiPoint""}",MUSEE DE L'HISTOIRE DE LA MEDECINE DE TOULOUSE,Association,1573768,2267731,2,RUE VIGUERIE,31300,TOULOUSE,F,F,F,F,No,F,F,F,F,No,F,No,2,2.1
"43.59101315072717,1.445221969652812","{""coordinates"": [[1.445221969652812, 43.59101315072717]], ""type"": ""MultiPoint""}",O'BOHEME,Structure commerciale,1574455,2266818,138,GRANDE-RUE SAINT MICHEL,31400,TOULOUSE,F,F,F,F,No,F,F,F,F,No,F,No,5,5.3
"43.603378647527684,1.4422683332457396","{""coordinates"": [[1.44226833324574, 43.603378647527684]], ""type"": ""MultiPoint""}",OMBRES BLANCHES,Structure commerciale,1574242,2268196,50,RUE LEON GAMBETTA,31000,TOULOUSE,F,F,F,F,No,F,F,F,F,No,F,No,1,1.1
"43.603870791822025,1.44405207645748","{""coordinates"": [[1.44405207645748, 43.603870791822025]], ""type"": ""MultiPoint""}",SALLE DES ILLUSTRES,Mairie de Toulouse - Autre Direction,1574387,2268248,1,PL DU CAPITOLE,31000,TOULOUSE,F,F,F,F,Yes,F,F,F,F,No,F,No,1,1.1
"43.58444238494641,1.4366211807045999","{""coordinates"": [[1.4366211807046, 43.58444238494641]], ""type"": ""MultiPoint""}",SALLE JEAN MERMOZ,Mairie de Toulouse - Autre Direction,1573747,2266101,7,ALL GABRIEL BIENES,31400,TOULOUSE,F,F,F,F,Yes,F,F,F,F,No,F,No,5,5.3
"43.56410019489423,1.4137555607178842","{""coordinates"": [[1.413755560717884, 43.56410019489423]], ""type"": ""MultiPoint""}",SALLE LAFOURGUETTE,Mairie de Toulouse - DGA Culture,1571858,2263876,28,RUE DE GIRONIS,31100,TOULOUSE,F,F,F,F,No,F,F,F,F,Yes,F,No,6,6.4
