Geo Point,Geo Shape,infobulle,site,annee_installation,zone_emission,disponibilite,adresse,commune
" 43.59773055374661,1.4313333366620296","{""coordinates"": [[1.43133333666203, 43.59773055374661]], ""type"": ""MultiPoint""}",Site Saint-Cyprien Adresse : PL INTERIEURE SAINT CYPRIEN Année installation : 2015 Zone émission : extérieur Nom connexion : _Toulouse_wifi Disponibilité : 24h/24h (avec garantie de service),Saint-Cyprien,2015,extérieur,24h/24h (avec garantie de service),PL INTERIEURE SAINT CYPRIEN,TOULOUSE
" 43.60050099748338,1.4456539927188097","{""coordinates"": [[1.44565399271881, 43.60050099748338]], ""type"": ""MultiPoint""}",Site Esquirol/Rue de Metz Adresse : 30 RUE DE METZ Année installation : 2016 Zone émission : extérieur Nom connexion : _Toulouse_wifi Disponibilité : 24h/24h (avec garantie de service),Esquirol/Rue de Metz,2016,extérieur,24h/24h (avec garantie de service),30 RUE DE METZ,TOULOUSE
" 43.61126944162825,1.438763892493415","{""coordinates"": [[1.438763892493415, 43.61126944162825]], ""type"": ""MultiPoint""}",Site Arnaud Bernard Adresse : place arnaud Bernard Année installation : 2016 Zone émission : extérieur Nom connexion : _Toulouse_wifi Disponibilité : 24h/24h (avec garantie de service),Arnaud Bernard,2016,extérieur,24h/24h (avec garantie de service),place arnaud Bernard,TOULOUSE
" 43.56735832832568,1.4006000038890507","{""coordinates"": [[1.400600003889051, 43.56735832832568]], ""type"": ""MultiPoint""}",Site Bibliothèque Grand M Adresse : 37 av Reynerie Année installation : 2016 Zone émission : intérieur bâtiment Nom connexion : _Toulouse_wifi Disponibilité : 24h/24h (sans garantie de service),Bibliothèque Grand M,2016,intérieur bâtiment,24h/24h (sans garantie de service),37 av Reynerie,TOULOUSE
" 43.60036110826673,1.4438166669575652","{""coordinates"": [[1.443816666957565, 43.60036110826673]], ""type"": ""MultiPoint""}",Site Esquirol 2 Adresse : 1 place Esquirol Année installation : 2016 Zone émission : extérieur Nom connexion : _Toulouse_wifi Disponibilité : 24h/24h (avec garantie de service),Esquirol 2,2016,extérieur,24h/24h (avec garantie de service),1 place Esquirol,TOULOUSE
" 43.57974444294124,1.4416750033365398","{""coordinates"": [[1.44167500333654, 43.57974444294124]], ""type"": ""MultiPoint""}",Site Empalot Adresse : 19 rue de Cannes Année installation : 2016 Zone émission : extérieur Nom connexion : _Toulouse_wifi Disponibilité : 24h/24h (avec garantie de service),Empalot,2016,extérieur,24h/24h (avec garantie de service),19 rue de Cannes,TOULOUSE
" 43.57058055561597,1.4026750010406583","{""coordinates"": [[1.402675001040658, 43.57058055561597]], ""type"": ""MultiPoint""}",Site Mairie Reynerie Adresse : Place André ABBAL Année installation : 2015 Zone émission : intérieur bâtiment Nom connexion : _Toulouse_wifi Disponibilité : 24h/24h (sans garantie de service),Mairie Reynerie,2015,intérieur bâtiment,24h/24h (sans garantie de service),Place André ABBAL,TOULOUSE
" 43.611211111122664,1.4560416689623363","{""coordinates"": [[1.456041668962336, 43.611211111122664]], ""type"": ""MultiPoint""}",Site Toulouse Métropole - Marengo Adresse : 6 Rue René Leduc Année installation : 2014 Zone émission : intérieur bâtiment Nom connexion : _Toulouse_wifi Disponibilité : 24h/24h (sans garantie de service),Toulouse Métropole - Marengo,2014,intérieur bâtiment,24h/24h (sans garantie de service),6 Rue René Leduc,TOULOUSE
" 43.636422218227885,1.4629499948615652","{""coordinates"": [[1.462949994861565, 43.636422218227885]], ""type"": ""MultiPoint""}",Site Restaurant Senior Croix Daurade Adresse : 5 rue Francis Lopez Année installation : 2016 Zone émission : intérieur bâtiment Nom connexion : _Toulouse_wifi Disponibilité : 24h/24h (sans garantie de service),Restaurant Senior Croix Daurade,2016,intérieur bâtiment,24h/24h (sans garantie de service),5 rue Francis Lopez,TOULOUSE
" 43.604824993718104,1.4442249988899039","{""coordinates"": [[1.444224998889904, 43.604824993718104]], ""type"": ""MultiPoint""}",Site Hotel de Ville - Capitole Adresse : place du Capitole Année installation : 2014 Zone émission : intérieur bâtiment Nom connexion : _Toulouse_wifi Disponibilité : 24h/24h (sans garantie de service),Hotel de Ville - Capitole,2014,intérieur bâtiment,24h/24h (sans garantie de service),place du Capitole,TOULOUSE
" 43.583544441267584,1.4835916659693846","{""coordinates"": [[1.483591665969385, 43.583544441267584]], ""type"": ""MultiPoint""}",Site Restaurant Senior La Terasse Adresse : 15 Impasse Franz SCHRADER Année installation : 2016 Zone émission : intérieur bâtiment Nom connexion : _Toulouse_wifi Disponibilité : 24h/24h (sans garantie de service),Restaurant Senior La Terasse,2016,intérieur bâtiment,24h/24h (sans garantie de service),15 Impasse Franz SCHRADER,TOULOUSE
" 43.59768500023695,1.445489000870145","{""coordinates"": [[1.445489000870145, 43.59768500023695]], ""type"": ""MultiPoint""}",Site Carmes Adresse : 1 rue Théodore Ozenne Année installation : 2017 Zone émission : extérieur Nom connexion : _Toulouse_wifi Disponibilité : 24h/24h (avec garantie de service),Carmes,2017,extérieur,24h/24h (avec garantie de service),1 rue Théodore Ozenne,TOULOUSE
" 43.595947993345675,1.4345219992015825","{""coordinates"": [[1.434521999201583, 43.595947993345675]], ""type"": ""MultiPoint""}",Site Restaurant Senior St Cyprien Adresse : 5 rue des Feuillants Année installation : 2017 Zone émission : intérieur bâtiment Nom connexion : _Toulouse_wifi Disponibilité : 24h/24h (sans garantie de service),Restaurant Senior St Cyprien,2017,intérieur bâtiment,24h/24h (sans garantie de service),5 rue des Feuillants,TOULOUSE
" 43.6015569968166,1.438360995526907","{""coordinates"": [[1.438360995526907, 43.6015569968166]], ""type"": ""MultiPoint""}",Site Daurade 2 Adresse : Promenade Henri Martin Année installation : 2017 Zone émission : extérieur Nom connexion : _Toulouse_wifi Disponibilité : 24h/24h (avec garantie de service),Daurade 2,2017,extérieur,24h/24h (avec garantie de service),Promenade Henri Martin,TOULOUSE
" 43.6063139940724,1.4386059979825536","{""coordinates"": [[1.438605997982554, 43.6063139940724]], ""type"": ""MultiPoint""}",Site Place Anatole France Adresse : Place Anatole France Année installation : 2017 Zone émission : extérieur Nom connexion : _Toulouse_wifi Disponibilité : 24h/24h (avec garantie de service),Place Anatole France,2017,extérieur,24h/24h (avec garantie de service),Place Anatole France,TOULOUSE
" 43.60081999845426,1.4292780010582495","{""coordinates"": [[1.42927800105825, 43.60081999845426]], ""type"": ""MultiPoint""}",Site Musée des abbatoirs Adresse : 76 allées Charles de Fitte Année installation : 2018 Zone émission : intérieur bâtiment Nom connexion : _Toulouse_wifi Disponibilité : 24h/24h (sans garantie de service),Musée des abbatoirs,2018,intérieur bâtiment,24h/24h (sans garantie de service),76 allées Charles de Fitte,TOULOUSE
" 43.57747899687579,1.4441799965265958","{""coordinates"": [[1.444179996526596, 43.57747899687579]], ""type"": ""MultiPoint""}",Site Maison des Associations Adresse : 81 rue St Roch Année installation : 2016 Zone émission : intérieur bâtiment Nom connexion : _Toulouse_wifi Disponibilité : 24h/24h (sans garantie de service),Maison des Associations,2016,intérieur bâtiment,24h/24h (sans garantie de service),81 rue St Roch,TOULOUSE
" 43.584643996431325,1.4276520002544315","{""coordinates"": [[1.427652000254432, 43.584643996431325]], ""type"": ""MultiPoint""}",Site Mairie Croix de Pierre Adresse : 125 avenue de Muret Année installation : 2018 Zone émission : intérieur bâtiment Nom connexion : _Toulouse_wifi Disponibilité : 24h/24h (sans garantie de service),Mairie Croix de Pierre,2018,intérieur bâtiment,24h/24h (sans garantie de service),125 avenue de Muret,TOULOUSE
" 43.58408599507735,1.4345269983261344","{""coordinates"": [[1.434526998326134, 43.58408599507735]], ""type"": ""MultiPoint""}",Site Stadium Adresse : 1 allée Gabriel Biénès  Année installation : 2019 Zone émission : intérieur et extérieur Nom connexion : _Toulouse_wifi Disponibilité : 24h/24h (sans garantie de service),Stadium,2019,intérieur et extérieur,24h/24h (sans garantie de service),1 allée Gabriel Biénès,TOULOUSE
" 43.604050992943705,1.4479599978641606","{""coordinates"": [[1.447959997864161, 43.604050992943705]], ""type"": ""MultiPoint""}",Site MDC Centre - Mériel Adresse : 5 Rue Paul Meriel Année installation : 2019 Zone émission : intérieur bâtiment Nom connexion : _Toulouse_wifi Disponibilité : 24h/24h (sans garantie de service),MDC Centre - Mériel,2019,intérieur bâtiment,24h/24h (sans garantie de service),5 Rue Paul Meriel,TOULOUSE
" 43.58015499907727,1.411953000565256","{""coordinates"": [[1.411953000565256, 43.58015499907727]], ""type"": ""MultiPoint""}",Site bibliothèque St Exupery Adresse : 37 rue du Lot Année installation : 2019 Zone émission : intérieur bâtiment Nom connexion : _Toulouse_wifi Disponibilité : 24h/24h (sans garantie de service),bibliothèque St Exupery,2019,intérieur bâtiment,24h/24h (sans garantie de service),37 rue du Lot,TOULOUSE
" 43.60362221632961,1.4352166666397461","{""coordinates"": [[1.435216666639746, 43.60362221632961]], ""type"": ""MultiPoint""}",Site Saint-Pierre 1 Adresse : PL SAINT PIERRE Année installation : 2015 Zone émission : extérieur Nom connexion : _Toulouse_wifi Disponibilité : 24h/24h (avec garantie de service),Saint-Pierre 1,2015,extérieur,24h/24h (avec garantie de service),PL SAINT PIERRE,TOULOUSE
" 43.60326388892532,1.4361222219518675","{""coordinates"": [[1.436122221951867, 43.60326388892532]], ""type"": ""MultiPoint""}",Site Saint-Pierre 3 Adresse : PL SAINT PIERRE Année installation : 2015 Zone émission : extérieur Nom connexion : _Toulouse_wifi Disponibilité : 24h/24h (avec garantie de service),Saint-Pierre 3,2015,extérieur,24h/24h (avec garantie de service),PL SAINT PIERRE,TOULOUSE
" 43.592984000461094,1.4351470010732557","{""coordinates"": [[1.435147001073256, 43.592984000461094]], ""type"": ""MultiPoint""}",Site Cours Dillon 1 Adresse : cours dillon Année installation : 2016 Zone émission : extérieur Nom connexion : _Toulouse_wifi Disponibilité : 24h/24h (avec garantie de service),Cours Dillon 1,2016,extérieur,24h/24h (avec garantie de service),cours dillon,TOULOUSE
" 43.59266666760555,1.4442416730567758","{""coordinates"": [[1.444241673056776, 43.59266666760555]], ""type"": ""MultiPoint""}",Site Lafourcade Adresse : allée Paul Feuga Année installation : 2016 Zone émission : extérieur Nom connexion : _Toulouse_wifi Disponibilité : 24h/24h (avec garantie de service),Lafourcade,2016,extérieur,24h/24h (avec garantie de service),allée Paul Feuga,TOULOUSE
" 43.59383610641005,1.4492972175018144","{""coordinates"": [[1.449297217501814, 43.59383610641005]], ""type"": ""MultiPoint""}",Site Museum Adresse :  35 allées Jules Guesdes Année installation : 2015 Zone émission : intérieur bâtiment Nom connexion : _Toulouse_wifi Disponibilité : 24h/24h (sans garantie de service),Museum,2015,intérieur bâtiment,24h/24h (sans garantie de service),35 allées Jules Guesdes,TOULOUSE
" 43.60774166739363,1.4438722246525604","{""coordinates"": [[1.44387222465256, 43.60774166739363]], ""type"": ""MultiPoint""}",Site Bibliothèque Perigord Adresse : 18 rue du Périgord Année installation : 2016 Zone émission : intérieur bâtiment Nom connexion : _Toulouse_wifi Disponibilité : 24h/24h (sans garantie de service),Bibliothèque Perigord,2016,intérieur bâtiment,24h/24h (sans garantie de service),18 rue du Périgord,TOULOUSE
" 43.60103610749383,1.446324996986625","{""coordinates"": [[1.446324996986625, 43.60103610749383]], ""type"": ""MultiPoint""}",Site Musée des Augustins Adresse : 21 rue de Metz Année installation : 2016 Zone émission : intérieur bâtiment Nom connexion : _Toulouse_wifi Disponibilité : 24h/24h (sans garantie de service),Musée des Augustins,2016,intérieur bâtiment,24h/24h (sans garantie de service),21 rue de Metz,TOULOUSE
" 43.5970055549471,1.4432583221136812","{""coordinates"": [[1.443258322113681, 43.5970055549471]], ""type"": ""MultiPoint""}",Site Bibliothèque Fabre Adresse : 6 rue St Jean Année installation : 2016 Zone émission : intérieur bâtiment Nom connexion : _Toulouse_wifi Disponibilité : 24h/24h (sans garantie de service),Bibliothèque Fabre,2016,intérieur bâtiment,24h/24h (sans garantie de service),6 rue St Jean,TOULOUSE
" 43.60340833357892,1.4468333328386618","{""coordinates"": [[1.446833332838662, 43.60340833357892]], ""type"": ""MultiPoint""}",Site Salle Osète - Duranti Adresse : 8 rue du lieuteunant colonel Pelissier Année installation : 2015 Zone émission : intérieur bâtiment Nom connexion : _Toulouse_wifi Disponibilité : 24h/24h (sans garantie de service),Salle Osète - Duranti,2015,intérieur bâtiment,24h/24h (sans garantie de service),8 rue du lieuteunant colonel Pelissier,TOULOUSE
" 43.59868900388067,1.430476000614033","{""coordinates"": [[1.430476000614033, 43.59868900388067]], ""type"": ""MultiPoint""}",Site MATOU - Musée Affiche Toulouse Adresse : Allée Charles de fitte Année installation : 2017 Zone émission : intérieur bâtiment Nom connexion : _Toulouse_wifi Disponibilité : 24h/24h (sans garantie de service),MATOU - Musée Affiche Toulouse,2017,intérieur bâtiment,24h/24h (sans garantie de service),Allée Charles de fitte,TOULOUSE
" 43.61296999355921,1.4350560004536592","{""coordinates"": [[1.435056000453659, 43.61296999355921]], ""type"": ""MultiPoint""}",Site Gymnase Compans Cafarelli Adresse : Esplanade Compans Cafarelli Année installation : 2017 Zone émission : intérieur bâtiment Nom connexion : _Toulouse_wifi Disponibilité : 24h/24h (sans garantie de service),Gymnase Compans Cafarelli,2017,intérieur bâtiment,24h/24h (sans garantie de service),Esplanade Compans Cafarelli,TOULOUSE
" 43.601795999176886,1.4493889978863301","{""coordinates"": [[1.44938899788633, 43.601795999176886]], ""type"": ""MultiPoint""}",Site Delpech Adresse : 1 rue Delpech Année installation : 2019 Zone émission : intérieur bâtiment Nom connexion : _Toulouse_wifi Disponibilité : 24h/24h (sans garantie de service),Delpech,2019,intérieur bâtiment,24h/24h (sans garantie de service),1 rue Delpech,TOULOUSE
" 43.56327099481258,1.4881010030814823","{""coordinates"": [[1.488101003081482, 43.56327099481258]], ""type"": ""MultiPoint""}",Site B612 - centre de l'innovation Adresse : 3 rue de Tarfaya Année installation : 2019 Zone émission : intérieur bâtiment Nom connexion : _Toulouse_wifi Disponibilité : 24h/24h (sans garantie de service),B612 - centre de l'innovation,2019,intérieur bâtiment,24h/24h (sans garantie de service),3 rue de Tarfaya,TOULOUSE
" 43.60468332367624,1.4438805570728055","{""coordinates"": [[1.443880557072805, 43.60468332367624]], ""type"": ""MultiPoint""}",Site Capitole 1 Adresse : PL DU CAPITOLE Année installation : 2015 Zone émission : extérieur Nom connexion : _Toulouse_wifi Disponibilité : 24h/24h (avec garantie de service),Capitole 1,2015,extérieur,24h/24h (avec garantie de service),PL DU CAPITOLE,TOULOUSE
" 43.60429722263674,1.4439722249965246","{""coordinates"": [[1.443972224996525, 43.60429722263674]], ""type"": ""MultiPoint""}",Site Captiole 2 Adresse : PL DU CAPITOLE Année installation : 2015 Zone émission : extérieur Nom connexion : _Toulouse_wifi Disponibilité : 24h/24h (avec garantie de service),Captiole 2,2015,extérieur,24h/24h (avec garantie de service),PL DU CAPITOLE,TOULOUSE
" 43.60634999836609,1.4457888870984097","{""coordinates"": [[1.44578888709841, 43.60634999836609]], ""type"": ""MultiPoint""}",Site Alsace 4 Adresse : 42 RUE D ALSACE LORRAINE Année installation : 2015 Zone émission : extérieur Nom connexion : _Toulouse_wifi Disponibilité : 24h/24h (avec garantie de service),Alsace 4,2015,extérieur,24h/24h (avec garantie de service),42 RUE D ALSACE LORRAINE,TOULOUSE
" 43.60153056320387,1.4457472199320796","{""coordinates"": [[1.44574721993208, 43.60153056320387]], ""type"": ""MultiPoint""}",Site Alsace 1 Adresse : 4 RUE D ALSACE LORRAINE Année installation : 2015 Zone émission : extérieur Nom connexion : _Toulouse_wifi Disponibilité : 24h/24h (avec garantie de service),Alsace 1,2015,extérieur,24h/24h (avec garantie de service),4 RUE D ALSACE LORRAINE,TOULOUSE
" 43.602344443292544,1.4457749959401889","{""coordinates"": [[1.445774995940189, 43.602344443292544]], ""type"": ""MultiPoint""}",Site Alsace 2 Adresse : 20 RUE D ALSACE LORRAINE Année installation : 2015 Zone émission : extérieur Nom connexion : _Toulouse_wifi Disponibilité : 24h/24h (avec garantie de service),Alsace 2,2015,extérieur,24h/24h (avec garantie de service),20 RUE D ALSACE LORRAINE,TOULOUSE
" 43.59535299941365,1.4361339942681592","{""coordinates"": [[1.436133994268159, 43.59535299941365]], ""type"": ""MultiPoint""}",Site Cours Dillon 2 Adresse : cours dillon Année installation : 2016 Zone émission : extérieur Nom connexion : _Toulouse_wifi Disponibilité : 24h/24h (avec garantie de service),Cours Dillon 2,2016,extérieur,24h/24h (avec garantie de service),cours dillon,TOULOUSE
" 43.5973999988287,1.4371249966185953","{""coordinates"": [[1.437124996618595, 43.5973999988287]], ""type"": ""MultiPoint""}",Site Cours Dillon 3 Adresse : cours dillon Année installation : 2016 Zone émission : extérieur Nom connexion : _Toulouse_wifi Disponibilité : 24h/24h (avec garantie de service),Cours Dillon 3,2016,extérieur,24h/24h (avec garantie de service),cours dillon,TOULOUSE
" 43.638297215231454,1.443819446108237","{""coordinates"": [[1.443819446108237, 43.638297215231454]], ""type"": ""MultiPoint""}",Site Izard Adresse : place micoulaud Année installation : 2016 Zone émission : intérieur et extérieur Nom connexion : _Toulouse_wifi Disponibilité : 24h/24h (avec garantie de service),Izard,2016,intérieur et extérieur,24h/24h (avec garantie de service),place micoulaud,TOULOUSE
" 43.597822216887295,1.4301027791000134","{""coordinates"": [[1.430102779100013, 43.597822216887295]], ""type"": ""MultiPoint""}",Site MDC St cyprien Adresse : place Diebold Année installation : 2015 Zone émission : intérieur bâtiment Nom connexion : _Toulouse_wifi Disponibilité : 24h/24h (sans garantie de service),MDC St cyprien,2015,intérieur bâtiment,24h/24h (sans garantie de service),place Diebold,TOULOUSE
" 43.60779444412639,1.4411444444773014","{""coordinates"": [[1.441144444477301, 43.60779444412639]], ""type"": ""MultiPoint""}",Site Musée Saint Raymond Adresse : place St Sernin Année installation : 2016 Zone émission : intérieur bâtiment Nom connexion : _Toulouse_wifi Disponibilité : 24h/24h (sans garantie de service),Musée Saint Raymond,2016,intérieur bâtiment,24h/24h (sans garantie de service),place St Sernin,TOULOUSE
" 43.5788388912895,1.4418361097697863","{""coordinates"": [[1.441836109769786, 43.5788388912895]], ""type"": ""MultiPoint""}",Site Médiathèque Empalot Adresse : 40 Avenue Jean Moulin Année installation : 2016 Zone émission : intérieur bâtiment Nom connexion : _Toulouse_wifi Disponibilité : 24h/24h (sans garantie de service),Médiathèque Empalot,2016,intérieur bâtiment,24h/24h (sans garantie de service),40 Avenue Jean Moulin,TOULOUSE
" 43.62002777371453,1.4701055618823964","{""coordinates"": [[1.470105561882396, 43.62002777371453]], ""type"": ""MultiPoint""}",Site MDC Roseraie Adresse : 8 bis avenue du parc Année installation : 2015 Zone émission : intérieur bâtiment Nom connexion : _Toulouse_wifi Disponibilité : 24h/24h (sans garantie de service),MDC Roseraie,2015,intérieur bâtiment,24h/24h (sans garantie de service),8 bis avenue du parc,TOULOUSE
" 43.581102782651726,1.387650005044321","{""coordinates"": [[1.387650005044321, 43.581102782651726]], ""type"": ""MultiPoint""}",Site Mairie Pradettes Adresse : 2 Passage Julien FORGUES Année installation : 2015 Zone émission : intérieur bâtiment Nom connexion : _Toulouse_wifi Disponibilité : 24h/24h (sans garantie de service),Mairie Pradettes,2015,intérieur bâtiment,24h/24h (sans garantie de service),2 Passage Julien FORGUES,TOULOUSE
" 43.602097217575206,1.4660805627608944","{""coordinates"": [[1.466080562760894, 43.602097217575206]], ""type"": ""MultiPoint""}",Site Restaurant Social Providence Bonhoure Adresse : place Pinel Année installation : 2016 Zone émission : intérieur bâtiment Nom connexion : _Toulouse_wifi Disponibilité : 24h/24h (sans garantie de service),Restaurant Social Providence Bonhoure,2016,intérieur bâtiment,24h/24h (sans garantie de service),place Pinel,TOULOUSE
" 43.60590799570928,1.448896996733263","{""coordinates"": [[1.448896996733263, 43.60590799570928]], ""type"": ""MultiPoint""}","Site Jaurès 2 Adresse :   Allée du Pdt F, Roosevelt Année installation : 2017 Zone émission : extérieur Nom connexion : _Toulouse_wifi Disponibilité : 24h/24h (avec garantie de service)",Jaurès 2,2017,extérieur,24h/24h (avec garantie de service),"Allée du Pdt F, Roosevelt",TOULOUSE
" 43.61238700089019,1.4353019979537258","{""coordinates"": [[1.435301997953726, 43.61238700089019]], ""type"": ""MultiPoint""}",Site Palais des sports Adresse : Rue du canon d'Arcole Année installation : 2017 Zone émission : intérieur bâtiment Nom connexion : _Toulouse_wifi Disponibilité : 24h/24h (sans garantie de service),Palais des sports,2017,intérieur bâtiment,24h/24h (sans garantie de service),Rue du canon d'Arcole,TOULOUSE
" 43.601084001630056,1.4390340045743262","{""coordinates"": [[1.439034004574326, 43.601084001630056]], ""type"": ""MultiPoint""}",Site Daurade 3 Adresse : Promenade Henri Martin Année installation : 2017 Zone émission : extérieur Nom connexion : _Toulouse_wifi Disponibilité : 24h/24h (avec garantie de service),Daurade 3,2017,extérieur,24h/24h (avec garantie de service),Promenade Henri Martin,TOULOUSE
" 43.59960199919327,1.4296190016097372","{""coordinates"": [[1.429619001609737, 43.59960199919327]], ""type"": ""MultiPoint""}",Site Jardin Raymond VI Adresse : allées Charles de Fitte Année installation : 2017 Zone émission : extérieur Nom connexion : _Toulouse_wifi Disponibilité : 24h/24h (avec garantie de service),Jardin Raymond VI,2017,extérieur,24h/24h (avec garantie de service),allées Charles de Fitte,TOULOUSE
" 43.59691899924205,1.4468920044221356","{""coordinates"": [[1.446892004422136, 43.59691899924205]], ""type"": ""MultiPoint""}",Site Musée Paul Dupuy Adresse : 13 rue de la Pleau Année installation : 2018 Zone émission : intérieur bâtiment Nom connexion : _Toulouse_wifi Disponibilité : 24h/24h (sans garantie de service),Musée Paul Dupuy,2018,intérieur bâtiment,24h/24h (sans garantie de service),13 rue de la Pleau,TOULOUSE
" 43.582611000549406,1.3888159954106725","{""coordinates"": [[1.388815995410672, 43.582611000549406]], ""type"": ""MultiPoint""}",Site Accueil Jeunes Bordeblanche Adresse : rue Yves Rouquette  Année installation : 2018 Zone émission : intérieur bâtiment Nom connexion : _Toulouse_wifi Disponibilité : 24h/24h (sans garantie de service),Accueil Jeunes Bordeblanche,2018,intérieur bâtiment,24h/24h (sans garantie de service),rue Yves Rouquette,TOULOUSE
" 43.60456389071142,1.4452166673544555","{""coordinates"": [[1.445216667354456, 43.60456389071142]], ""type"": ""MultiPoint""}",Site Square de Gaulle Adresse : SQ GENERAL DE GAULLE Année installation : 2015 Zone émission : extérieur Nom connexion : _Toulouse_wifi Disponibilité : 24h/24h (avec garantie de service),Square de Gaulle,2015,extérieur,24h/24h (avec garantie de service),SQ GENERAL DE GAULLE,TOULOUSE
" 43.593869439636514,1.4478250001604995","{""coordinates"": [[1.4478250001605, 43.593869439636514]], ""type"": ""MultiPoint""}",Site Jules Guesdes 3 Adresse : Allees Jules Guesde Année installation : 2016 Zone émission : extérieur Nom connexion : _Toulouse_wifi Disponibilité : 24h/24h (avec garantie de service),Jules Guesdes 3,2016,extérieur,24h/24h (avec garantie de service),Allees Jules Guesde,TOULOUSE
" 43.620425003231,1.4346166645227092","{""coordinates"": [[1.434616664522709, 43.620425003231]], ""type"": ""MultiPoint""}",Site Bibliothèque des Minimes Adresse : place marché aux cochons Année installation : 2016 Zone émission : intérieur bâtiment Nom connexion : _Toulouse_wifi Disponibilité : 24h/24h (sans garantie de service),Bibliothèque des Minimes,2016,intérieur bâtiment,24h/24h (sans garantie de service),place marché aux cochons,TOULOUSE
" 43.58566388770719,1.4660749962897552","{""coordinates"": [[1.466074996289755, 43.58566388770719]], ""type"": ""MultiPoint""}",Site St Exupéry Adresse : 63 bis avenue de Saint Exupery Année installation : 2015 Zone émission : intérieur bâtiment Nom connexion : _Toulouse_wifi Disponibilité : 24h/24h (sans garantie de service),St Exupéry,2015,intérieur bâtiment,24h/24h (sans garantie de service),63 bis avenue de Saint Exupery,TOULOUSE
" 43.59882778486302,1.4305555634560436","{""coordinates"": [[1.430555563456044, 43.59882778486302]], ""type"": ""MultiPoint""}",Site Bibliothèque St cyprien Adresse : 63 rue Réclusane Année installation : 2015 Zone émission : intérieur bâtiment Nom connexion : _Toulouse_wifi Disponibilité : 24h/24h (sans garantie de service),Bibliothèque St cyprien,2015,intérieur bâtiment,24h/24h (sans garantie de service),63 rue Réclusane,TOULOUSE
" 43.60357999847631,1.4544220013091764","{""coordinates"": [[1.454422001309176, 43.60357999847631]], ""type"": ""MultiPoint""}","Site Saint Aubin Adresse : 1 bis boulevard J, Michelet Année installation : 2017 Zone émission : extérieur Nom connexion : _Toulouse_wifi Disponibilité : 24h/24h (avec garantie de service)",Saint Aubin,2017,extérieur,24h/24h (avec garantie de service),"1 bis boulevard J, Michelet",TOULOUSE
" 43.60812600180965,1.4409850027278903","{""coordinates"": [[1.44098500272789, 43.60812600180965]], ""type"": ""MultiPoint""}",Site Saint Sernin Adresse : Parvis St Jean Paul II Année installation : 2017 Zone émission : extérieur Nom connexion : _Toulouse_wifi Disponibilité : 24h/24h (avec garantie de service),Saint Sernin,2017,extérieur,24h/24h (avec garantie de service),Parvis St Jean Paul II,TOULOUSE
" 43.64028099901876,1.4526239985042528","{""coordinates"": [[1.452623998504253, 43.64028099901876]], ""type"": ""MultiPoint""}",Site Maourine Adresse : Carré de la Maourine Année installation : 2017 Zone émission : extérieur Nom connexion : _Toulouse_wifi Disponibilité : 24h/24h (avec garantie de service),Maourine,2017,extérieur,24h/24h (avec garantie de service),Carré de la Maourine,TOULOUSE
" 43.59579399587001,1.4558510013300485","{""coordinates"": [[1.455851001330049, 43.59579399587001]], ""type"": ""MultiPoint""}",Site Port Saint Sauveur Adresse : 7 port St Sauveur Année installation : 2015 Zone émission : extérieur Nom connexion : _Toulouse_wifi Disponibilité : 24h/24h (sans garantie de service),Port Saint Sauveur,2015,extérieur,24h/24h (sans garantie de service),7 port St Sauveur,TOULOUSE
" 43.60328799916931,1.4531440044144324","{""coordinates"": [[1.453144004414432, 43.60328799916931]], ""type"": ""MultiPoint""}","Site Espace diversités et laïcité Adresse : 38, rue d'Aubuisson Année installation : 2014 Zone émission : intérieur bâtiment Nom connexion : _Toulouse_wifi Disponibilité : 24h/24h (sans garantie de service)",Espace diversités et laïcité,2014,intérieur bâtiment,24h/24h (sans garantie de service),"38, rue d'Aubuisson",TOULOUSE
" 43.60725400168941,1.4420850022298701","{""coordinates"": [[1.44208500222987, 43.60725400168941]], ""type"": ""MultiPoint""}",Site Taur Adresse : 71 rue du Taur Année installation : 2019 Zone émission : intérieur bâtiment Nom connexion : _Toulouse_wifi Disponibilité : 24h/24h (sans garantie de service),Taur,2019,intérieur bâtiment,24h/24h (sans garantie de service),71 rue du Taur,TOULOUSE
" 43.58912900202916,1.3785770027634319","{""coordinates"": [[1.378577002763432, 43.58912900202916]], ""type"": ""MultiPoint""}",Site Mairie de quartier Lardenne Adresse : 2 place sauvegrain Année installation : 2019 Zone émission : intérieur bâtiment Nom connexion : _Toulouse_wifi Disponibilité : 24h/24h (sans garantie de service),Mairie de quartier Lardenne,2019,intérieur bâtiment,24h/24h (sans garantie de service),2 place sauvegrain,TOULOUSE
" 43.61851599312974,1.397998995714521","{""coordinates"": [[1.397998995714521, 43.61851599312974]], ""type"": ""MultiPoint""}",Site Mairie de quartier Ancely Adresse : 11 alée du Vivarais Année installation : 2019 Zone émission : intérieur bâtiment Nom connexion : _Toulouse_wifi Disponibilité : 24h/24h (sans garantie de service),Mairie de quartier Ancely,2019,intérieur bâtiment,24h/24h (sans garantie de service),11 alée du Vivarais,TOULOUSE
" 43.60377778038338,1.4359638904253524","{""coordinates"": [[1.435963890425352, 43.60377778038338]], ""type"": ""MultiPoint""}",Site Saint-Pierre 2 Adresse : PL SAINT PIERRE Année installation : 2015 Zone émission : extérieur Nom connexion : _Toulouse_wifi Disponibilité : 24h/24h (avec garantie de service),Saint-Pierre 2,2015,extérieur,24h/24h (avec garantie de service),PL SAINT PIERRE,TOULOUSE
" 43.60171388994047,1.439688884239045","{""coordinates"": [[1.439688884239045, 43.60171388994047]], ""type"": ""MultiPoint""}",Site Daurade Adresse : PL DE LA DAURADE Année installation : 2015 Zone émission : extérieur Nom connexion : _Toulouse_wifi Disponibilité : 24h/24h (avec garantie de service),Daurade,2015,extérieur,24h/24h (avec garantie de service),PL DE LA DAURADE,TOULOUSE
" 43.607916670968976,1.445780561641785","{""coordinates"": [[1.445780561641785, 43.607916670968976]], ""type"": ""MultiPoint""}",Site Alsace 3 Adresse : 56 RUE D ALSACE LORRAINE Année installation : 2015 Zone émission : extérieur Nom connexion : _Toulouse_wifi Disponibilité : 24h/24h (avec garantie de service),Alsace 3,2015,extérieur,24h/24h (avec garantie de service),56 RUE D ALSACE LORRAINE,TOULOUSE
" 43.61018332477245,1.4558527722722014","{""coordinates"": [[1.455852772272201, 43.61018332477245]], ""type"": ""MultiPoint""}",Site Médiathèque José Cabanis Adresse : 1 ALL JACQUES CHABAN DELMAS Année installation : 2015 Zone émission : intérieur bâtiment Nom connexion : _Toulouse_wifi Disponibilité : 24h/24h (sans garantie de service),Médiathèque José Cabanis,2015,intérieur bâtiment,24h/24h (sans garantie de service),1 ALL JACQUES CHABAN DELMAS,TOULOUSE
" 43.5950861054385,1.4514694385017295","{""coordinates"": [[1.451469438501729, 43.5950861054385]], ""type"": ""MultiPoint""}",Site Jules Guesdes 1 Adresse : Allees Jules Guesde Année installation : 2016 Zone émission : extérieur Nom connexion : _Toulouse_wifi Disponibilité : 24h/24h (avec garantie de service),Jules Guesdes 1,2016,extérieur,24h/24h (avec garantie de service),Allees Jules Guesde,TOULOUSE
" 43.5942861072575,1.4488611108638858","{""coordinates"": [[1.448861110863886, 43.5942861072575]], ""type"": ""MultiPoint""}",Site Jules Guesdes 2 Adresse : Allees Jules Guesde Année installation : 2016 Zone émission : extérieur Nom connexion : _Toulouse_wifi Disponibilité : 24h/24h (avec garantie de service),Jules Guesdes 2,2016,extérieur,24h/24h (avec garantie de service),Allees Jules Guesde,TOULOUSE
" 43.599905556575344,1.4542527787525117","{""coordinates"": [[1.454252778752512, 43.599905556575344]], ""type"": ""MultiPoint""}",Site Halle aux grains Adresse : place Dupuy Année installation : 2016 Zone émission : intérieur bâtiment Nom connexion : _Toulouse_wifi Disponibilité : 24h/24h (sans garantie de service),Halle aux grains,2016,intérieur bâtiment,24h/24h (sans garantie de service),place Dupuy,TOULOUSE
" 43.64146943797204,1.4505611040250797","{""coordinates"": [[1.45056110402508, 43.64146943797204]], ""type"": ""MultiPoint""}",Site Métronum Adresse : RPT MADAME DE MONDONVILLE Année installation : 2015 Zone émission : intérieur bâtiment Nom connexion : _Toulouse_wifi Disponibilité : 24h/24h (sans garantie de service),Métronum,2015,intérieur bâtiment,24h/24h (sans garantie de service),RPT MADAME DE MONDONVILLE,TOULOUSE
" 43.59456388673078,1.4507694413589298","{""coordinates"": [[1.45076944135893, 43.59456388673078]], ""type"": ""MultiPoint""}",Site Quai des savoirs Adresse : 39 allées Jules Guesdes Année installation : 2016 Zone émission : intérieur bâtiment Nom connexion : _Toulouse_wifi Disponibilité : 24h/24h (sans garantie de service),Quai des savoirs,2016,intérieur bâtiment,24h/24h (sans garantie de service),39 allées Jules Guesdes,TOULOUSE
" 43.60373611292285,1.4399666706535599","{""coordinates"": [[1.43996667065356, 43.60373611292285]], ""type"": ""MultiPoint""}",Site Musée des Jacobins Adresse : 18 pl des JACOBINS Année installation : 2016 Zone émission : intérieur bâtiment Nom connexion : _Toulouse_wifi Disponibilité : 24h/24h (sans garantie de service),Musée des Jacobins,2016,intérieur bâtiment,24h/24h (sans garantie de service),18 pl des JACOBINS,TOULOUSE
" 43.611188890359024,1.456102779576243","{""coordinates"": [[1.456102779576243, 43.611188890359024]], ""type"": ""MultiPoint""}",Site Marengo Boulevard Adresse : 6 Rue René Leduc Année installation : 2015 Zone émission : intérieur bâtiment Nom connexion : _Toulouse_wifi Disponibilité : 24h/24h (sans garantie de service),Marengo Boulevard,2015,intérieur bâtiment,24h/24h (sans garantie de service),6 Rue René Leduc,TOULOUSE
" 43.60617777429301,1.4440944442857973","{""coordinates"": [[1.444094444285797, 43.60617777429301]], ""type"": ""MultiPoint""}",Site salle du Sénéchal - Rémusat Adresse : 17 rue de Rémusat Année installation : 2014 Zone émission : intérieur bâtiment Nom connexion : _Toulouse_wifi Disponibilité : 24h/24h (sans garantie de service),salle du Sénéchal - Rémusat,2014,intérieur bâtiment,24h/24h (sans garantie de service),17 rue de Rémusat,TOULOUSE
" 43.57415277981031,1.4532027852648965","{""coordinates"": [[1.453202785264897, 43.57415277981031]], ""type"": ""MultiPoint""}",Site Théatre Jules Juilen Adresse : 6 Avenue des Ecoles Jules JULIEN Année installation : 2015 Zone émission : intérieur bâtiment Nom connexion : _Toulouse_wifi Disponibilité : 24h/24h (sans garantie de service),Théatre Jules Juilen,2015,intérieur bâtiment,24h/24h (sans garantie de service),6 Avenue des Ecoles Jules JULIEN,TOULOUSE
" 43.608535998989595,1.4458189939309163","{""coordinates"": [[1.445818993930916, 43.608535998989595]], ""type"": ""MultiPoint""}",Site Jeanne d'Arc Adresse : 17 place Jeanne D'Arc Année installation : 2017 Zone émission : extérieur Nom connexion : _Toulouse_wifi Disponibilité : 24h/24h (avec garantie de service),Jeanne d'Arc,2017,extérieur,24h/24h (avec garantie de service),17 place Jeanne D'Arc,TOULOUSE
" 43.60565600062619,1.4485419999402473","{""coordinates"": [[1.448541999940247, 43.60565600062619]], ""type"": ""MultiPoint""}","Site Jaurès 1  Adresse :   Allée du Pdt F, Roosevelt Année installation : 2017 Zone émission : extérieur Nom connexion : _Toulouse_wifi Disponibilité : 24h/24h (avec garantie de service)",Jaurès 1,2017,extérieur,24h/24h (avec garantie de service),"Allée du Pdt F, Roosevelt",TOULOUSE
" 43.58149099427839,1.388121994853366","{""coordinates"": [[1.388121994853366, 43.58149099427839]], ""type"": ""MultiPoint""}",Site Pradettes Adresse : place des Pradettes Année installation : 2017 Zone émission : extérieur Nom connexion : _Toulouse_wifi Disponibilité : 24h/24h (avec garantie de service),Pradettes,2017,extérieur,24h/24h (avec garantie de service),place des Pradettes,TOULOUSE
" 43.632408999980136,1.4517769961217581","{""coordinates"": [[1.451776996121758, 43.632408999980136]], ""type"": ""MultiPoint""}",Site Les jardins du Muséum 1 Adresse : Avenue Maurice Bourges-Maunoury Année installation : 2017 Zone émission : intérieur et extérieur Nom connexion : _Toulouse_wifi Disponibilité : 24h/24h (sans garantie de service),Les jardins du Muséum 1,2017,intérieur et extérieur,24h/24h (sans garantie de service),Avenue Maurice Bourges-Maunoury,TOULOUSE
" 43.60863199737346,1.4444320048077606","{""coordinates"": [[1.444432004807761, 43.60863199737346]], ""type"": ""MultiPoint""}",Site Centre culturel Bellegarde Adresse : 17 rue Bellegarde Année installation : 2018 Zone émission : intérieur et extérieur Nom connexion : _Toulouse_wifi Disponibilité : 24h/24h (sans garantie de service),Centre culturel Bellegarde,2018,intérieur et extérieur,24h/24h (sans garantie de service),17 rue Bellegarde,TOULOUSE
" 43.60967699982273,1.3800100036335505","{""coordinates"": [[1.380010003633551, 43.60967699982273]], ""type"": ""MultiPoint""}",Site Mairie St Martin du Touch Adresse : 2 Rue Sentenac Année installation : 2018 Zone émission : intérieur bâtiment Nom connexion : _Toulouse_wifi Disponibilité : 24h/24h (sans garantie de service),Mairie St Martin du Touch,2018,intérieur bâtiment,24h/24h (sans garantie de service),2 Rue Sentenac,TOULOUSE
" 43.6237819962059,1.4385320011033675","{""coordinates"": [[1.438532001103368, 43.6237819962059]], ""type"": ""MultiPoint""}",Site Théatre des Mazades Adresse : 10 Avenue des Mazades  Année installation : 2018 Zone émission : intérieur bâtiment Nom connexion : _Toulouse_wifi Disponibilité : 24h/24h (sans garantie de service),Théatre des Mazades,2018,intérieur bâtiment,24h/24h (sans garantie de service),10 Avenue des Mazades,TOULOUSE
" 43.59240999866364,1.3896670055597944","{""coordinates"": [[1.389667005559794, 43.59240999866364]], ""type"": ""MultiPoint""}",Site Petit Capitole Adresse : 153 Avenue de Lardenne Année installation : 2019 Zone émission : intérieur bâtiment Nom connexion : _Toulouse_wifi Disponibilité : 24h/24h (sans garantie de service),Petit Capitole,2019,intérieur bâtiment,24h/24h (sans garantie de service),153 Avenue de Lardenne,TOULOUSE
" 43.63231299867232,1.451981999883078","{""coordinates"": [[1.451981999883078, 43.63231299867232]], ""type"": ""MultiPoint""}",Site Les jardins du Muséum 2 Adresse : Avenue Maurice Bourges-Maunoury Année installation : 2017 Zone émission : extérieur Nom connexion : _Toulouse_wifi Disponibilité : 24h/24h (sans garantie de service),Les jardins du Muséum 2,2017,extérieur,24h/24h (sans garantie de service),Avenue Maurice Bourges-Maunoury,TOULOUSE
" 43.58514700337963,1.4358279944250187","{""coordinates"": [[1.435827994425019, 43.58514700337963]], ""type"": ""MultiPoint""}",Site Salle Jean Mermoz Adresse : 7 allées G. Biénès Année installation : 2017 Zone émission : intérieur bâtiment Nom connexion : _Toulouse_wifi Disponibilité : 24h/24h (sans garantie de service),Salle Jean Mermoz,2017,intérieur bâtiment,24h/24h (sans garantie de service),7 allées G. Biénès,TOULOUSE
" 43.56480899562634,1.4107849942234396","{""coordinates"": [[1.41078499422344, 43.56480899562634]], ""type"": ""MultiPoint""}",Site Mairie Lafourguette Adresse : 1 Place des GLIERES Année installation : 2018 Zone émission : intérieur bâtiment Nom connexion : _Toulouse_wifi Disponibilité : 24h/24h (sans garantie de service),Mairie Lafourguette,2018,intérieur bâtiment,24h/24h (sans garantie de service),1 Place des GLIERES,TOULOUSE
" 43.57761999609819,1.4401160026191284","{""coordinates"": [[1.440116002619128, 43.57761999609819]], ""type"": ""MultiPoint""}",Site Mairie Empalot Adresse : Place d'EMPALOT Année installation : 2018 Zone émission : intérieur bâtiment Nom connexion : _Toulouse_wifi Disponibilité : 24h/24h (sans garantie de service),Mairie Empalot,2018,intérieur bâtiment,24h/24h (sans garantie de service),Place d'EMPALOT,TOULOUSE
" 43.614383001589964,1.4745019953415064","{""coordinates"": [[1.474501995341506, 43.614383001589964]], ""type"": ""MultiPoint""}",Site Centre animation Soupetard Adresse : 63 Chemin HEREDIA Année installation : 2018 Zone émission : intérieur bâtiment Nom connexion : _Toulouse_wifi Disponibilité : 24h/24h (sans garantie de service),Centre animation Soupetard,2018,intérieur bâtiment,24h/24h (sans garantie de service),63 Chemin HEREDIA,TOULOUSE
" 43.64168100113523,1.4533869936304005","{""coordinates"": [[1.4533869936304, 43.64168100113523]], ""type"": ""MultiPoint""}",Site Maison municipale des familles Adresse : Boulevard André Netwiller Année installation : 2019 Zone émission : intérieur bâtiment Nom connexion : _Toulouse_wifi Disponibilité : 24h/24h (sans garantie de service),Maison municipale des familles,2019,intérieur bâtiment,24h/24h (sans garantie de service),Boulevard André Netwiller,TOULOUSE